id,pt_in,pt_out,tt_in,tt_out,vf_fr,vf_td,vf_su,pt_in_s,pt_out_s,tt_in_s,tt_out_s,vf_fr_s,vf_td_s,vf_su_s,daily_paper_code,data_time
2010,2.8,2.55,17.49,23.59,0,0,3772639,2.8,2.55,17.49,23.59,0,50090.8,6671823,lqgz,12/5/2023 23:00:01
2011,2.68,2.52,17.75,23.49,0,0,3772639,2.68,2.52,17.75,23.49,0,50090.8,6671823,lqgz,13/5/2023 00:00:00
2012,2.8,2.51,17.93,23.1,0,0,3772639,2.8,2.51,17.93,23.1,0,50090.8,6671823,lqgz,13/5/2023 01:00:00
2013,2.75,2.51,17.65,22.54,0,0,3772639,2.75,2.51,17.65,22.54,0,50090.8,6671823,lqgz,13/5/2023 02:00:00
2014,2.7,2.5,17.51,21.96,0,0,3772639,2.7,2.5,17.51,21.96,0,50090.8,6671823,lqgz,13/5/2023 03:00:00
2015,2.65,2.5,17.55,21.91,0,0,3772639,2.65,2.5,17.55,21.91,0,50090.8,6671823,lqgz,13/5/2023 04:00:00
2016,2.6,2.49,17.53,21.69,0,0,3772639,2.6,2.49,17.53,21.69,0,50090.8,6671823,lqgz,13/5/2023 05:00:00
2017,2.75,2.46,18.02,21.61,0,0,3772639,2.75,2.46,18.02,21.61,0,50090.8,6671823,lqgz,13/5/2023 06:00:00
2018,2.68,2.42,17.86,25.42,0,0,3772639,2.68,2.42,17.86,25.42,0,50090.8,6671823,lqgz,13/5/2023 07:00:00
2019,2.64,2.37,19.34,33.58,0,0,3772639,2.64,2.37,19.34,33.58,0,0,6671823,lqgz,13/5/2023 08:00:00
2020,2.85,2.41,17.59,21.53,0,0,3772639,2.85,2.41,17.59,21.53,10938.59,5035.91,6676853,lqgz,13/5/2023 09:00:00
2021,2.79,2.5,17.62,22.65,0,0,3772639,2.79,2.5,17.62,22.65,7483.61,13504.88,6685330,lqgz,13/5/2023 10:00:00
2022,2.84,2.58,17.93,24.09,0,0,3772639,2.84,2.58,17.93,24.09,6489.64,20533.94,6692359,lqgz,13/5/2023 11:00:00
2023,2.82,2.6,17.88,24.34,0,0,3772639,2.82,2.6,17.88,24.34,4664.81,26307.41,6698132,lqgz,13/5/2023 12:00:00
2024,2.87,2.62,18.16,25.12,0,0,3772639,2.87,2.62,18.16,25.12,5915.57,32132.01,6703957,,13/5/2023 13:00:00
2025,2.9,2.68,18.43,26.51,0,0,3772639,2.9,2.68,18.43,26.51,4832.21,37576.09,6709401,lqgz,13/5/2023 14:00:29
2026,2.93,2.72,18.66,27.73,0,0,3772639,2.93,2.72,18.66,27.73,3861.34,41850.48,6713673,lqgz,13/5/2023 15:00:01
2027,2.94,2.75,18.68,28.2,0,0,3772639,2.94,2.75,18.68,28.2,3198.21,45555.91,6717380,lqgz,13/5/2023 16:03:22
2028,2.96,2.76,18.5,27.35,0,0,3772639,2.96,2.76,18.5,27.35,2987.19,48464.43,6720289,lqgz,13/5/2023 17:00:01
2029,2.94,2.77,20.92,26.55,0,0,3772639,2.94,2.77,20.92,26.55,669.32,51320.25,6723144,lqgz,13/5/2023 18:00:00
2030,2.87,2.7,20.61,25.16,0,0,3772639,2.87,2.7,20.61,25.16,1809.94,52264.18,6724088,lqgz,13/5/2023 19:00:00
2031,2.99,2.68,18.89,24.06,0,0,3772639,2.99,2.68,18.89,24.06,0,54986.45,6726810,lqgz,13/5/2023 20:00:00
2032,2.98,2.61,19.64,25.81,0,0,3772639,2.98,2.61,19.64,25.81,0,54986.45,6726810,lqgz,13/5/2023 21:00:00
2033,2.92,2.54,19.43,26.04,0,0,3772639,2.92,2.54,19.43,26.04,0,54986.45,6726810,lqgz,13/5/2023 22:00:00
2034,2.98,2.49,19.24,25.96,0,0,3772639,2.98,2.49,19.24,25.96,0,54986.45,6726810,lqgz,13/5/2023 23:00:00
2035,2.92,2.46,18.79,25.5,0,0,3772639,2.92,2.46,18.79,25.5,0,54986.45,6726810,lqgz,14/5/2023 00:00:00
2036,2.86,2.44,18.39,24.96,0,0,3772639,2.86,2.44,18.39,24.96,0,54986.45,6726810,lqgz,14/5/2023 01:00:01
2037,2.8,2.44,18.21,24.51,0,0,3772639,2.8,2.44,18.21,24.51,0,54986.45,6726810,lqgz,14/5/2023 02:00:00
2038,2.75,2.44,17.98,23.92,0,0,3772639,2.75,2.44,17.98,23.92,0,54986.45,6726810,lqgz,14/5/2023 03:00:00
2039,2.7,2.43,17.84,23.19,0,0,3772639,2.7,2.43,17.84,23.19,0,54986.45,6726810,lqgz,14/5/2023 04:00:00
2040,2.66,2.41,17.76,22.5,0,0,3772639,2.66,2.41,17.76,22.5,0,54986.45,6726810,lqgz,14/5/2023 05:00:00
2041,2.99,2.38,18.01,22.79,0,0,3772639,2.99,2.38,18.01,22.79,0,54986.45,6726810,lqgz,14/5/2023 06:00:01
2042,2.86,2.35,18.18,27.7,0,0,3772639,2.86,2.35,18.18,27.7,0,54986.45,6726810,lqgz,14/5/2023 07:00:00
2043,2.94,2.3,20.97,36.18,0,0,3772639,2.94,2.3,20.97,36.18,0,0,6726810,lqgz,14/5/2023 08:00:00
2044,2.85,2.34,17.91,22.57,0,0,3772639,2.85,2.34,17.91,22.57,5262.65,5082.33,6731894,lqgz,14/5/2023 09:00:00
2045,2.85,2.37,18.15,23.88,0,0,3772639,2.85,2.37,18.15,23.88,4984.2,10193.81,6737005,lqgz,14/5/2023 10:00:01
2046,2.87,2.4,18.47,25.18,0,0,3772639,2.87,2.4,18.47,25.18,4942.52,15175.33,6741987,lqgz,14/5/2023 11:00:00
2047,2.88,2.41,18.62,25.69,0,0,3772639,2.88,2.41,18.62,25.69,4946.65,20105.52,6746917,lqgz,14/5/2023 12:00:00
2048,2.88,2.41,18.68,26.02,0,0,3772639,2.88,2.41,18.68,26.02,4954.18,25065.13,6751876,lqgz,14/5/2023 13:00:00
2049,2.89,2.46,18.75,26.6,0,0,3772639,2.89,2.46,18.75,26.6,4682.39,29902.98,6756712,lqgz,14/5/2023 14:00:00
2050,2.9,2.5,18.75,27.02,0,0,3772639,2.9,2.5,18.75,27.02,4384.04,34437.21,6761248,lqgz,14/5/2023 15:00:01
2051,2.92,2.54,18.83,27.64,0,0,3772639,2.92,2.54,18.83,27.64,4174.7,38735.79,6765547,lqgz,14/5/2023 16:00:00
2052,2.93,2.57,18.67,26.98,0,0,3772639,2.93,2.57,18.67,26.98,3997.16,42806.15,6769617,lqgz,14/5/2023 17:00:00
2053,2.92,2.59,17.98,24.15,0,0,3772639,2.92,2.59,17.98,24.15,3629.9,46731.44,6773542,lqgz,14/5/2023 18:00:00
2054,2.94,2.59,18.96,23.22,0,0,3772639,2.94,2.59,18.96,23.22,0,49994.25,6776804,lqgz,14/5/2023 19:00:00
2055,2.93,2.52,21.66,28.98,0,0,3772639,2.93,2.52,21.66,28.98,0,49994.25,6776804,lqgz,14/5/2023 20:00:00
2056,2.86,2.45,21.42,29.6,0,0,3772639,2.86,2.45,21.42,29.6,0,49994.25,6776804,lqgz,14/5/2023 21:00:00
2057,2.69,2.39,17.91,29.06,0,0,3772639,2.69,2.39,17.91,29.06,0,49994.25,6776804,lqgz,14/5/2023 22:00:00
2058,2.91,2.34,19.27,28.63,0,0,3772639,2.91,2.34,19.27,28.63,0,49994.25,6776804,lqgz,14/5/2023 23:00:00
2059,2.95,2.32,19.8,28.02,0,0,3772639,2.95,2.32,19.8,28.02,0,49994.25,6776804,lqgz,15/5/2023 00:00:00
2060,2.89,2.31,19.28,27.07,0,0,3772639,2.89,2.31,19.28,27.07,0,49994.25,6776804,lqgz,15/5/2023 01:00:00
2061,2.86,2.3,19.21,26.22,0,0,3772639,2.86,2.3,19.21,26.22,0,49994.25,6776804,lqgz,15/5/2023 02:00:00
2062,2.86,2.3,19.27,25.59,0,0,3772639,2.86,2.3,19.27,25.59,0,49994.25,6776804,lqgz,15/5/2023 03:00:00
2063,2.87,2.29,19.22,25.15,0,0,3772639,2.87,2.29,19.22,25.15,0,49994.25,6776804,lqgz,15/5/2023 04:00:00
2064,2.86,2.28,19.15,24.84,0,0,3772639,2.86,2.28,19.15,24.84,0,49994.25,6776804,lqgz,15/5/2023 05:00:00
2065,2.69,2.26,17.65,24.78,0,0,3772639,2.69,2.26,17.65,24.78,0,49994.25,6776804,lqgz,15/5/2023 06:00:00
2066,2.98,2.21,18.39,28.4,0,0,3772639,2.98,2.21,18.39,28.4,0,49994.25,6776804,lqgz,15/5/2023 07:00:00
2067,2.84,2.16,20.81,36,0,0,3772639,2.84,2.16,20.81,36,0,0,6776804,lqgz,15/5/2023 08:00:00
2068,2.85,2.22,17.9,21.6,0,0,3772639,2.85,2.22,17.9,21.6,5968.06,5928.35,6782734,lqgz,15/5/2023 09:00:00
2069,2.81,2.28,17.74,21.84,0,0,3772639,2.81,2.28,17.74,21.84,8546.5,12463.08,6789270,lqgz,15/5/2023 10:00:00
2070,2.79,2.36,18.01,23.43,0,0,3772639,2.79,2.36,18.01,23.43,7398.83,20281.1,6797087,lqgz,15/5/2023 11:00:00
2071,2.81,2.42,18.14,24.17,0,0,3772639,2.81,2.42,18.14,24.17,6949.04,27462.93,6804263,lqgz,15/5/2023 12:00:00
2072,2.83,2.46,18.34,25.12,0,0,3772639,2.83,2.46,18.34,25.12,6587.95,34235.71,6811042,lqgz,15/5/2023 13:00:00
2073,2.87,2.54,18.6,26.76,0,0,3772639,2.87,2.54,18.6,26.76,5850.15,40506.92,6817313,lqgz,15/5/2023 14:00:00
2074,2.89,2.61,18.74,27.73,0,0,3772639,2.89,2.61,18.74,27.73,4995.27,45947.12,6822747,lqgz,15/5/2023 15:00:00
2075,2.87,2.68,18.29,26.55,0,0,3772639,2.87,2.68,18.29,26.55,6969.14,51706.01,6828512,lqgz,15/5/2023 16:00:00
2076,2.98,2.64,29.39,43.42,0,0,3772639,2.98,2.64,29.39,43.42,0,52017.61,6828822,lqgz,15/5/2023 17:00:00
2077,2.97,2.6,28.92,43.25,0,0,3772639,2.97,2.6,28.92,43.25,0,52017.61,6828822,lqgz,15/5/2023 18:00:00
2078,2.77,2.54,22.94,39.59,0,0,3772639,2.77,2.54,22.94,39.59,0,52017.61,6828822,lqgz,15/5/2023 19:00:00
2079,2.7,2.47,22.51,36.62,0,0,3772639,2.7,2.47,22.51,36.62,0,52017.61,6828822,lqgz,15/5/2023 20:00:00
2080,2.63,2.41,21.69,34.58,0,0,3772639,2.63,2.41,21.69,34.58,0,52017.61,6828822,lqgz,15/5/2023 21:00:00
2081,2.84,2.35,21.61,33.19,0,0,3772639,2.84,2.35,21.61,33.19,0,52017.61,6828822,lqgz,15/5/2023 22:00:00
2082,2.96,2.3,21.12,31.8,0,0,3772639,2.96,2.3,21.12,31.8,0,52017.61,6828822,lqgz,15/5/2023 23:00:00
2083,2.91,2.27,20.71,30.74,0,0,3772639,2.91,2.27,20.71,30.74,0,52017.61,6828822,lqgz,16/5/2023 00:00:00
2084,2.85,2.25,20.46,29.93,0,0,3772639,2.85,2.25,20.46,29.93,0,52017.61,6828822,lqgz,16/5/2023 01:00:00
2085,2.84,2.24,19.99,28.62,0,0,3772639,2.84,2.24,19.99,28.62,0,52017.61,6828822,lqgz,16/5/2023 02:00:00
2086,2.96,2.24,19.5,27.36,0,0,3772639,2.96,2.24,19.5,27.36,0,52017.61,6828822,lqgz,16/5/2023 03:00:00
2087,2.91,2.24,18.95,26.31,0,0,3772639,2.91,2.24,18.95,26.31,0,52017.61,6828822,lqgz,16/5/2023 04:00:00
2088,2.86,2.22,18.52,25.6,0,0,3772639,2.86,2.22,18.52,25.6,0,52017.61,6828822,lqgz,16/5/2023 05:00:00
2089,2.82,2.19,17.7,25.56,0,0,3772639,2.82,2.19,17.7,25.56,0,52017.61,6828822,lqgz,16/5/2023 06:00:00
2090,2.57,2.13,17.75,28.98,0,0,3772639,2.57,2.13,17.75,28.98,0,52017.61,6828822,lqgz,16/5/2023 07:00:00
2091,2.87,2.08,20.71,35.54,0,0,3772639,2.87,2.08,20.71,35.54,0,0,6828822,lqgz,16/5/2023 08:00:00
2092,2.84,2.16,17.72,20.16,0,0,3772639,2.84,2.16,17.72,20.16,6299.57,6474.34,6835294,lqgz,16/5/2023 09:00:00
2093,2.85,2.23,17.96,21.76,0,0,3772639,2.85,2.23,17.96,21.76,5997.82,12613.98,6841437,lqgz,16/5/2023 10:00:00
2094,2.85,2.27,18,22.41,0,0,3772639,2.85,2.27,18,22.41,5749.57,18490.68,6847314,lqgz,16/5/2023 11:00:01
2095,2.85,2.3,18.23,23.35,0,0,3772639,2.85,2.3,18.23,23.35,5570.48,24148.05,6852971,lqgz,16/5/2023 12:00:01
2096,2.86,2.33,18.24,23.65,0,0,3772639,2.86,2.33,18.24,23.65,5449.54,29683.44,6858507,lqgz,16/5/2023 13:00:00
2097,2.88,2.38,18.24,23.83,0,0,3772639,2.88,2.38,18.24,23.83,5192.07,35013.09,6863832,lqgz,16/5/2023 14:00:00
2098,2.89,2.45,18.2,23.96,0,0,3772639,2.89,2.45,18.2,23.96,4791.91,40008.46,6868831,lqgz,16/5/2023 15:00:00
2099,2.87,2.58,17.72,22.65,0,0,3772639,2.87,2.58,17.72,22.65,5410.17,51323.31,6880147,lqgz,16/5/2023 17:00:01
2100,2.91,2.63,17.66,22.42,0,0,3772639,2.91,2.63,17.66,22.42,5095.46,56530.3,6885353,lqgz,16/5/2023 18:00:01
2101,2.99,2.63,19.76,24.27,0,0,3772639,2.99,2.63,19.76,24.27,0,60000.72,6888822,lqgz,16/5/2023 19:00:01
2102,2.93,2.56,20.55,27.18,0,0,3772639,2.93,2.56,20.55,27.18,0,60000.72,6888822,lqgz,16/5/2023 20:00:01
2103,2.86,2.5,20.53,28.13,0,0,3772639,2.86,2.5,20.53,28.13,0,60000.72,6888822,lqgz,16/5/2023 21:00:00
2104,2.78,2.44,20.39,28.52,0,0,3772639,2.78,2.44,20.39,28.52,0,60000.72,6888822,lqgz,16/5/2023 22:00:00
2105,2.97,2.39,20.35,28.37,0,0,3772639,2.97,2.39,20.35,28.37,0,60000.72,6888822,lqgz,16/5/2023 23:00:00
2106,2.9,2.37,19.95,28.23,0,0,3772639,2.9,2.37,19.95,28.23,0,60000.72,6888822,lqgz,17/5/2023 00:00:00
2107,2.84,2.36,19.72,27.79,0,0,3772639,2.84,2.36,19.72,27.79,0,60000.72,6888822,lqgz,17/5/2023 01:00:00
2108,2.79,2.36,19.52,27.42,0,0,3772639,2.79,2.36,19.52,27.42,0,60000.72,6888822,lqgz,17/5/2023 02:00:00
2109,2.77,2.34,19.69,27.11,0,0,3772639,2.77,2.34,19.69,27.11,0,60000.72,6888822,lqgz,17/5/2023 03:00:00
2110,2.78,2.34,19.89,26.77,0,0,3772639,2.78,2.34,19.89,26.77,0,60000.72,6888822,lqgz,17/5/2023 04:00:00
2111,2.78,2.33,19.83,26.3,0,0,3772639,2.78,2.33,19.83,26.3,0,60000.72,6888822,lqgz,17/5/2023 05:00:00
2112,2.62,2.3,17.94,26.45,0,0,3772639,2.62,2.3,17.94,26.45,0,60000.72,6888822,lqgz,17/5/2023 06:00:00
2113,2.76,2.25,18.17,30.59,0,0,3772639,2.76,2.25,18.17,30.59,0,60000.72,6888822,lqgz,17/5/2023 07:00:00
2114,2.56,2.19,20.56,38.06,0,0,3772639,2.56,2.19,20.56,38.06,0,0,6888822,lqgz,17/5/2023 08:00:00
2115,2.85,2.25,18.07,22.21,0,0,3772639,2.85,2.25,18.07,22.21,5855.7,5356.36,6894180,lqgz,17/5/2023 09:00:00
2116,2.87,2.3,17.98,22.01,0,0,3772639,2.87,2.3,17.98,22.01,5688.7,11143.91,6899968,lqgz,17/5/2023 10:00:00
2117,2.87,2.34,18.29,23.47,0,0,3772639,2.87,2.34,18.29,23.47,5438.11,16711.08,6905535,lqgz,17/5/2023 11:00:00
2118,2.85,2.37,18.08,23.21,0,0,3772639,2.85,2.37,18.08,23.21,5114.18,22024.58,6910848,lqgz,17/5/2023 12:00:00
2119,2.88,2.37,18.38,24.02,0,0,3772639,2.88,2.37,18.38,24.02,5235.61,27193.63,6916017,lqgz,17/5/2023 13:00:00
2120,2.89,2.43,18.12,23.51,0,0,3772639,2.89,2.43,18.12,23.51,4939.34,32306.15,6921130,lqgz,17/5/2023 14:00:00
2121,2.91,2.5,18.5,25.43,0,0,3772639,2.91,2.5,18.5,25.43,4527.65,37034.01,6925858,lqgz,17/5/2023 15:00:00
2122,2.93,2.55,18.55,25.93,0,0,3772639,2.93,2.55,18.55,25.93,4217.98,41436.04,6930260,lqgz,17/5/2023 16:00:00
2123,2.93,2.6,18.54,26.14,0,0,3772639,2.93,2.6,18.54,26.14,3763.61,45400.1,6934224,lqgz,17/5/2023 17:00:00
2124,2.95,2.65,18.27,24.76,0,0,3772639,2.95,2.65,18.27,24.76,3359.24,48989.25,6937813,lqgz,17/5/2023 18:00:00
2125,2.91,2.73,17.61,22.8,0,0,3772639,2.91,2.73,17.61,22.8,5034.85,54631.28,6943455,lqgz,17/5/2023 19:00:00
2126,2.92,2.75,17.53,22.36,0,0,3772639,2.92,2.75,17.53,22.36,4048.15,59251.89,6948075,lqgz,17/5/2023 20:00:00
2127,2.93,2.75,17.5,22.04,0,0,3772639,2.93,2.75,17.5,22.04,3839.11,63142.15,6951966,lqgz,17/5/2023 21:00:00
2128,2.98,2.72,18,24.69,0,0,3772639,2.98,2.72,18,24.69,0,64995.49,6953818,lqgz,17/5/2023 22:00:00
2129,3,2.67,19.02,25.58,0,0,3772639,3,2.67,19.02,25.58,0,64995.49,6953818,lqgz,17/5/2023 23:00:00
2130,2.95,2.64,19.3,25.87,0,0,3772639,2.95,2.64,19.3,25.87,0,64995.49,6953818,lqgz,18/5/2023 00:00:00
2131,2.9,2.62,19.35,26.02,0,0,3772639,2.9,2.62,19.35,26.02,0,64995.49,6953818,lqgz,18/5/2023 01:00:01
2132,2.84,2.62,19.17,25.78,0,0,3772639,2.84,2.62,19.17,25.78,0,64995.49,6953818,lqgz,18/5/2023 02:00:00
2133,2.79,2.62,19.04,25.56,0,0,3772639,2.79,2.62,19.04,25.56,0,64995.49,6953818,lqgz,18/5/2023 03:00:00
2134,2.74,2.62,18.97,25.38,0,0,3772639,2.74,2.62,18.97,25.38,0,64995.49,6953818,lqgz,18/5/2023 04:00:00
2135,2.68,2.62,19.05,25.53,0,0,3772639,2.68,2.62,19.05,25.53,0,64995.49,6953818,lqgz,18/5/2023 05:00:00
2136,2.85,2.59,19.81,26.06,0,0,3772639,2.85,2.59,19.81,26.06,0,64995.49,6953818,lqgz,18/5/2023 06:00:00
2137,2.98,2.58,18.58,29.82,0,0,3772639,2.98,2.58,18.58,29.82,0,64995.49,6953818,lqgz,18/5/2023 07:00:00
2138,2.94,2.58,21.86,34.98,0,0,3772639,2.94,2.58,21.86,34.98,0,0,6953818,lqgz,18/5/2023 08:00:00
2139,2.86,2.58,19.74,27.96,0,0,3772639,2.86,2.58,19.74,27.96,2994.98,1847.19,6955666,lqgz,18/5/2023 09:00:00
2140,2.94,2.6,18.78,26.29,0,0,3772639,2.94,2.6,18.78,26.29,3811.86,5565.28,6959384,lqgz,18/5/2023 10:00:00
2141,2.95,2.64,18.72,26.19,0,0,3772639,2.95,2.64,18.72,26.19,3526.08,9307.9,6963127,lqgz,18/5/2023 11:00:00
2142,2.9,2.67,18.08,24.75,0,0,3772639,2.9,2.67,18.08,24.75,2470.45,12346.56,6966165,lqgz,18/5/2023 12:00:00
2143,2.95,2.64,18.71,26.24,0,0,3772639,2.95,2.64,18.71,26.24,3416.75,15435.89,6969258,lqgz,18/5/2023 13:00:00
2144,2.95,2.67,18.75,26.5,0,0,3772639,2.95,2.67,18.75,26.5,3144.24,18764.14,6972583,lqgz,18/5/2023 14:00:00
2145,2.97,2.67,26.43,36.42,0,0,3772639,2.97,2.67,26.43,36.42,0,20000.47,6973818,lqgz,18/5/2023 15:00:00
2146,2.97,2.67,29.29,41.33,0,0,3772639,2.97,2.67,29.29,41.33,0,20000.47,6973818,lqgz,18/5/2023 16:00:00
2147,2.97,2.67,27.88,39.53,0,0,3772639,2.97,2.67,27.88,39.53,0,20000.47,6973818,lqgz,18/5/2023 17:00:00
2148,2.91,2.67,25.44,37.06,0,0,3772639,2.91,2.67,25.44,37.06,0,20000.47,6973818,lqgz,18/5/2023 18:00:00
2149,2.83,2.61,22.76,34.12,0,0,3772639,2.83,2.61,22.76,34.12,0,20000.47,6973818,lqgz,18/5/2023 19:00:00
2150,2.76,2.53,21.14,31.68,0,0,3772639,2.76,2.53,21.14,31.68,0,20000.47,6973818,lqgz,18/5/2023 20:00:00
2151,2.7,2.52,20.17,30.07,0,0,3772639,2.7,2.52,20.17,30.07,0,20000.47,6973818,lqgz,18/5/2023 21:00:00
2152,2.62,2.5,19.23,28.76,0,0,3772639,2.62,2.5,19.23,28.76,0,20000.47,6973818,lqgz,18/5/2023 22:00:00
2153,2.72,2.49,19.59,27.75,0,0,3772639,2.72,2.49,19.59,27.75,0,20000.47,6973818,lqgz,18/5/2023 23:00:00
2154,2.95,2.49,19.11,26.82,0,0,3772639,2.95,2.49,19.11,26.82,0,20000.47,6973818,lqgz,19/5/2023 00:00:00
2155,2.9,2.49,18.77,25.89,0,0,3772639,2.9,2.49,18.77,25.89,0,20000.47,6973818,lqgz,19/5/2023 01:00:00
2156,2.85,2.48,18.55,25.15,0,0,3772639,2.85,2.48,18.55,25.15,0,20000.47,6973818,lqgz,19/5/2023 02:00:00
2157,2.8,2.48,18.41,24.56,0,0,3772639,2.8,2.48,18.41,24.56,0,20000.47,6973818,lqgz,19/5/2023 03:00:00
2158,2.98,2.47,18.46,23.81,0,0,3772639,2.98,2.47,18.46,23.81,0,20000.47,6973818,lqgz,19/5/2023 04:00:00
2159,2.94,2.46,18.31,23.03,0,0,3772639,2.94,2.46,18.31,23.03,0,20000.47,6973818,lqgz,19/5/2023 05:00:00
2160,2.86,2.46,17.81,23.19,0,0,3772639,2.86,2.46,17.81,23.19,0,20000.47,6973818,lqgz,19/5/2023 06:00:00
2161,2.99,2.41,18.64,27.89,0,0,3772639,2.99,2.41,18.64,27.89,0,20000.47,6973818,lqgz,19/5/2023 07:00:00
2162,2.95,2.36,21.88,35.99,0,0,3772639,2.95,2.36,21.88,35.99,0,0,6973818,lqgz,19/5/2023 08:00:00
2163,2.92,2.45,18.22,23.35,0,0,3772639,2.92,2.45,18.22,23.35,5088.75,5272.43,6979092,lqgz,19/5/2023 09:00:00
2164,2.85,2.57,18.11,24.42,0,0,3772639,2.85,2.57,18.11,24.42,6320.11,11904.11,6985724,lqgz,19/5/2023 10:00:00
2165,2.86,2.67,18.23,25.53,0,0,3772639,2.86,2.67,18.23,25.53,6376.95,18177.04,6991997,lqgz,19/5/2023 11:00:01
2166,2.95,2.63,24.01,42.44,0,0,3772639,2.95,2.63,24.01,42.44,0,19992.01,6993810,lqgz,19/5/2023 12:00:00
2167,2.98,2.59,33.98,50.42,0,0,3772639,2.98,2.59,33.98,50.42,0,19992.01,6993810,lqgz,19/5/2023 13:00:00
2168,2.97,2.57,36.48,54.77,0,0,3772639,2.97,2.57,36.48,54.77,0,19992.01,6993810,lqgz,19/5/2023 14:00:00
2169,2.92,2.57,36.59,57.27,0,0,3772639,2.92,2.57,36.59,57.27,0,19992.01,6993810,lqgz,19/5/2023 15:00:00
2170,2.78,2.59,19.97,34.37,0,0,3772639,2.78,2.59,19.97,34.37,5035.82,20858.51,6994678,lqgz,19/5/2023 16:00:00
2171,2.86,2.68,18.42,26.25,0,0,3772639,2.86,2.68,18.42,26.25,5444.59,26769.52,7000589,lqgz,19/5/2023 17:00:01
2172,2.91,2.73,18.17,24.8,0,0,3772639,2.91,2.73,18.17,24.8,4618.73,31786.18,7005606,lqgz,19/5/2023 18:00:00
2173,2.97,2.68,22.16,30.6,0,0,3772639,2.97,2.68,22.16,30.6,0,32584.79,7006403,lqgz,19/5/2023 19:04:14
2174,2.92,2.62,22.08,31.25,0,0,3772639,2.92,2.62,22.08,31.25,0,32584.79,7006403,lqgz,19/5/2023 20:00:01
2175,2.85,2.55,21.69,31.29,0,0,3772639,2.85,2.55,21.69,31.29,0,32584.79,7006403,lqgz,19/5/2023 21:00:00
2176,2.77,2.5,21.46,31.43,0,0,3772639,2.77,2.5,21.46,31.43,0,32584.79,7006403,lqgz,19/5/2023 22:00:00
2177,2.82,2.44,21.52,31.17,0,0,3772639,2.82,2.44,21.52,31.17,0,32584.79,7006403,lqgz,19/5/2023 23:00:00
2178,2.96,2.41,21.04,30.55,0,0,3772639,2.96,2.41,21.04,30.55,0,32584.79,7006403,lqgz,20/5/2023 00:00:00
2179,2.91,2.39,20.77,29.92,0,0,3772639,2.91,2.39,20.77,29.92,0,32584.79,7006403,lqgz,20/5/2023 01:00:00
2180,2.86,2.38,20.48,29.24,0,0,3772639,2.86,2.38,20.48,29.24,0,32584.79,7006403,lqgz,20/5/2023 02:00:00
2181,2.86,2.38,20.43,28.24,0,0,3772639,2.86,2.38,20.43,28.24,0,32584.79,7006403,lqgz,20/5/2023 03:00:00
2182,2.86,2.37,20.32,27.53,0,0,3772639,2.86,2.37,20.32,27.53,0,32584.79,7006403,lqgz,20/5/2023 04:00:00
2183,2.87,2.36,20.24,27.15,0,0,3772639,2.87,2.36,20.24,27.15,0,32584.79,7006403,lqgz,20/5/2023 05:00:00
2184,2.98,2.33,18.66,27.27,0,0,3772639,2.98,2.33,18.66,27.27,0,32584.79,7006403,lqgz,20/5/2023 06:00:00
2185,2.83,2.29,18.68,31.51,0,0,3772639,2.83,2.29,18.68,31.51,0,32584.79,7006403,lqgz,20/5/2023 07:00:00
2186,2.94,2.25,22.14,38.72,0,0,3772639,2.94,2.25,22.14,38.72,0,0,7006403,lqgz,20/5/2023 08:00:00
2187,2.76,2.38,17.91,22.75,0,0,3772639,2.76,2.38,17.91,22.75,7926.15,6577.97,7012983,lqgz,20/5/2023 09:00:00
2188,2.82,2.51,18.19,24.37,0,0,3772639,2.82,2.51,18.19,24.37,6577.29,13855.71,7020261,lqgz,20/5/2023 10:00:00
2189,2.87,2.61,18.55,26.25,0,0,3772639,2.87,2.61,18.55,26.25,5254.18,19750.05,7026155,lqgz,20/5/2023 11:00:00
2190,2.9,2.56,31.96,47.53,0,0,3772639,2.9,2.56,31.96,47.53,0,19993.39,7026397,lqgz,20/5/2023 12:00:00
2191,2.83,2.52,36.89,55.04,0,0,3772639,2.83,2.52,36.89,55.04,0,19993.39,7026397,lqgz,20/5/2023 13:00:00
2192,2.78,2.52,36.67,56.89,0,0,3772639,2.78,2.52,36.67,56.89,0,19993.39,7026397,lqgz,20/5/2023 14:00:00
2193,2.73,2.52,33.91,53.1,0,0,3772639,2.73,2.52,33.91,53.1,0,19993.39,7026397,lqgz,20/5/2023 15:00:00
2194,2.67,2.49,31.54,51.1,0,0,3772639,2.67,2.49,31.54,51.1,0,19993.39,7026397,lqgz,20/5/2023 16:00:00
2195,2.62,2.45,29.84,47.83,0,0,3772639,2.62,2.45,29.84,47.83,0,19993.39,7026397,lqgz,20/5/2023 17:00:00
2196,3,2.41,27.93,43.98,0,0,3772639,3,2.41,27.93,43.98,0,19993.39,7026397,lqgz,20/5/2023 18:00:00
2197,2.93,2.35,25.17,38.96,0,0,3772639,2.93,2.35,25.17,38.96,0,19993.39,7026397,lqgz,20/5/2023 19:00:00
2198,2.85,2.28,23.07,36.01,0,0,3772639,2.85,2.28,23.07,36.01,0,19993.39,7026397,lqgz,20/5/2023 20:00:00
2199,2.78,2.22,22.15,34.05,0,0,3772639,2.78,2.22,22.15,34.05,0,19993.39,7026397,lqgz,20/5/2023 21:00:00
2200,2.72,2.16,21.5,32.68,0,0,3772639,2.72,2.16,21.5,32.68,0,19993.39,7026397,lqgz,20/5/2023 22:00:00
2201,2.99,2.12,20.35,31.9,0,0,3772639,2.99,2.12,20.35,31.9,0,19993.39,7026397,lqgz,20/5/2023 23:00:00
2202,2.98,2.12,20.72,31.23,0,0,3772639,2.98,2.12,20.72,31.23,0,19993.39,7026397,lqgz,21/5/2023 00:00:01
2203,2.92,2.12,20.78,30.51,0,0,3772639,2.92,2.12,20.78,30.51,0,19993.39,7026397,lqgz,21/5/2023 01:00:00
2204,2.9,2.12,20.78,29.6,0,0,3772639,2.9,2.12,20.78,29.6,0,19993.39,7026397,lqgz,21/5/2023 02:00:00
2205,2.9,2.12,20.86,28.87,0,0,3772639,2.9,2.12,20.86,28.87,0,19993.39,7026397,lqgz,21/5/2023 03:00:00
2206,2.9,2.11,21.07,28.8,0,0,3772639,2.9,2.11,21.07,28.8,0,19993.39,7026397,lqgz,21/5/2023 04:00:00
2207,2.9,2.09,20.92,27.91,0,0,3772639,2.9,2.09,20.92,27.91,0,19993.39,7026397,lqgz,21/5/2023 05:00:00
2208,2.85,2.09,19.11,26.84,0,0,3772639,2.85,2.09,19.11,26.84,0,19993.39,7026397,lqgz,21/5/2023 06:00:00
2209,2.7,2.09,18.52,27.14,0,0,3772639,2.7,2.09,18.52,27.14,0,19993.39,7026397,lqgz,21/5/2023 07:00:00
2210,2.83,2.06,20.8,33.07,0,0,3772639,2.83,2.06,20.8,33.07,0,0,7026397,lqgz,21/5/2023 08:00:00
2211,2.72,2.22,17.73,21.05,0,0,3772639,2.72,2.22,17.73,21.05,9792.97,8333.24,7034733,lqgz,21/5/2023 09:00:00
2212,2.78,2.4,17.69,21.47,0,0,3772639,2.78,2.4,17.69,21.47,8387.32,17396.74,7043796,lqgz,21/5/2023 10:00:00
2213,3,2.42,23.07,28.84,0,0,3772639,3,2.42,23.07,28.84,0,20015.7,7046412,lqgz,21/5/2023 11:00:00
2214,3,2.36,23.87,31.61,0,0,3772639,3,2.36,23.87,31.61,0,20015.7,7046412,lqgz,21/5/2023 12:00:00
2215,2.93,2.33,23.96,33.55,0,0,3772639,2.93,2.33,23.96,33.55,0,20015.7,7046412,lqgz,21/5/2023 13:00:01
2216,2.85,2.31,23.26,33.38,0,0,3772639,2.85,2.31,23.26,33.38,0,20015.7,7046412,lqgz,21/5/2023 14:00:00
2217,2.82,2.26,22.82,32.05,0,0,3772639,2.82,2.26,22.82,32.05,0,20015.7,7046412,lqgz,21/5/2023 15:00:00
2218,2.82,2.24,22.61,30.82,0,0,3772639,2.82,2.24,22.61,30.82,0,20015.7,7046412,lqgz,21/5/2023 16:00:00
2219,2.73,2.25,20.22,29.92,0,0,3772639,2.73,2.25,20.22,29.92,0,20015.7,7046412,lqgz,21/5/2023 17:00:00
2220,2.99,2.24,18.33,26.95,0,0,3772639,2.99,2.24,18.33,26.95,0,20015.7,7046412,lqgz,21/5/2023 18:00:00
2221,2.99,2.21,17.89,24.62,0,0,3772639,2.99,2.21,17.89,24.62,0,20015.7,7046412,lqgz,21/5/2023 19:00:00
2222,3,2.17,17.89,23.69,0,0,3772639,3,2.17,17.89,23.69,0,20015.7,7046412,lqgz,21/5/2023 20:00:00
2223,2.62,2.18,17.38,19.38,0,0,3772639,2.62,2.18,17.38,19.38,4572.69,5091.94,7051503,lqgz,22/5/2023 09:00:02
2224,2.58,2.24,18.04,23.01,0,0,3772639,2.58,2.24,18.04,23.01,3684.66,9177.73,7055589,lqgz,22/5/2023 10:00:01
2225,2.67,2.31,18.34,24.13,0,0,3772639,2.67,2.31,18.34,24.13,3911.53,13037.95,7059453,lqgz,22/5/2023 11:00:00
2226,2.61,2.33,18.12,24.56,0,0,3772639,2.61,2.33,18.12,24.56,3091.8,16643.63,7063057,lqgz,22/5/2023 12:00:01
2227,2.71,2.35,21.15,25.81,0,0,3772639,2.71,2.35,21.15,25.81,0,20000.11,7066412,lqgz,22/5/2023 13:00:00
2228,2.93,2.35,28.92,38.9,0,0,3772639,2.93,2.35,28.92,38.9,0,20000.11,7066412,lqgz,22/5/2023 14:00:00
2229,2.95,2.35,29.96,43.24,0,0,3772639,2.95,2.35,29.96,43.24,0,20000.11,7066412,lqgz,22/5/2023 15:00:00
2230,2.93,2.35,28.34,43.08,0,0,3772639,2.93,2.35,28.34,43.08,0,20000.11,7066412,lqgz,22/5/2023 16:00:01
2231,2.85,2.35,26.65,42.68,0,0,3772639,2.85,2.35,26.65,42.68,0,20000.11,7066412,lqgz,22/5/2023 17:00:00
2232,2.7,2.35,23.06,38.27,0,0,3772639,2.7,2.35,23.06,38.27,0,20000.11,7066412,lqgz,22/5/2023 18:00:01
2233,2.65,2.33,18.51,33.52,0,0,3772639,2.65,2.33,18.51,33.52,0,20000.11,7066412,lqgz,22/5/2023 19:00:01
2234,2.89,2.32,18.2,30.32,0,0,3772639,2.89,2.32,18.2,30.32,0,20000.11,7066412,lqgz,22/5/2023 20:00:00
2235,2.81,2.31,18.44,28.26,0,0,3772639,2.81,2.31,18.44,28.26,0,20000.11,7066412,lqgz,22/5/2023 21:00:00
2236,0,0,0,0,0,0,0,0,0,0,0,0,0,0,lqgz,22/5/2023 22:00:05
2237,2.64,2.3,17.93,24.34,0,0,3772639,2.64,2.3,17.93,24.34,0,20000.11,7066412,lqgz,22/5/2023 23:00:00
2238,2.86,2.28,18.06,22.93,0,0,3772639,2.86,2.28,18.06,22.93,0,20000.11,7066412,lqgz,23/5/2023 00:00:00
2239,2.8,2.29,17.83,21.64,0,0,3772639,2.8,2.29,17.83,21.64,0,20000.11,7066412,lqgz,23/5/2023 01:00:00
2240,2.75,2.29,17.69,20.82,0,0,3772639,2.75,2.29,17.69,20.82,0,20000.11,7066412,lqgz,23/5/2023 02:00:00
2241,2.77,2.27,17.84,20.06,0,0,3772639,2.77,2.27,17.84,20.06,0,20000.11,7066412,lqgz,23/5/2023 03:00:00
2242,2.98,2.27,17.6,19.45,0,0,3772639,2.98,2.27,17.6,19.45,0,20000.11,7066412,lqgz,23/5/2023 04:00:00
2243,2.94,2.26,17.36,18.86,0,0,3772639,2.94,2.26,17.36,18.86,0,20000.11,7066412,lqgz,23/5/2023 05:00:00
2244,2.82,2.26,17.32,18.96,0,0,3772639,2.82,2.26,17.32,18.96,0,20000.11,7066412,lqgz,23/5/2023 06:00:00
2245,2.73,2.26,18.37,25.1,0,0,3772639,2.73,2.26,18.37,25.1,0,20000.11,7066412,lqgz,23/5/2023 07:00:00
2246,2.68,2.25,21.13,34.17,0,0,3772639,2.68,2.25,21.13,34.17,0,0,7066412,lqgz,23/5/2023 08:00:00
2247,2.52,2.35,17.64,22.99,0,0,3772639,2.52,2.35,17.64,22.99,4396.74,4970.6,7071384,lqgz,23/5/2023 09:00:00
2248,2.6,2.44,18.32,25.43,0,0,3772639,2.6,2.44,18.32,25.43,5737.76,9961.86,7076376,lqgz,23/5/2023 10:00:00
2249,2.67,2.51,18.66,26.73,0,0,3772639,2.67,2.51,18.66,26.73,4808.09,15201.11,7081615,lqgz,23/5/2023 11:00:00
2250,2.7,2.54,18.65,29.8,0,0,3772639,2.7,2.54,18.65,29.8,1383.66,17755.06,7084167,lqgz,23/5/2023 12:00:00
2251,2.72,2.53,18.79,27.52,0,0,3772639,2.72,2.53,18.79,27.52,3501.7,20100.79,7086514,lqgz,23/5/2023 13:00:00
2252,2.79,2.6,19.31,28.99,0,0,3772639,2.79,2.6,19.31,28.99,3891.36,23939.17,7090353,lqgz,23/5/2023 14:00:00
2253,2.84,2.66,19.51,29.83,0,0,3772639,2.84,2.66,19.51,29.83,3231.92,27595.58,7094007,lqgz,23/5/2023 15:00:00
2254,2.94,2.71,24.89,31.67,0,0,3772639,2.94,2.71,24.89,31.67,0,29974.38,7096387,lqgz,23/5/2023 16:00:00
2255,2.94,2.7,22.74,37.52,0,0,3772639,2.94,2.7,22.74,37.52,0,29987.88,7096400,lqgz,23/5/2023 17:00:00
2256,2.94,2.71,20.74,35.46,0,0,3772639,2.94,2.71,20.74,35.46,0,29987.88,7096400,lqgz,23/5/2023 18:00:00
2257,2.95,2.7,18.38,33.25,0,0,3772639,2.95,2.7,18.38,33.25,0,29987.88,7096400,lqgz,23/5/2023 19:00:00
2258,2.98,2.66,19.29,31.49,0,0,3772639,2.98,2.66,19.29,31.49,0,29987.88,7096400,lqgz,23/5/2023 20:00:00
2259,2.97,2.66,19.98,30.22,0,0,3772639,2.97,2.66,19.98,30.22,0,29987.88,7096400,lqgz,23/5/2023 21:00:00
2260,2.77,2.62,17.85,29.01,0,0,3772639,2.77,2.62,17.85,29.01,0,29987.88,7096400,lqgz,23/5/2023 22:00:00
2261,2.65,2.62,18.2,27.49,0,0,3772639,2.65,2.62,18.2,27.49,0,29987.88,7096400,lqgz,23/5/2023 23:00:00
2262,2.8,2.62,18.46,24.45,0,0,3772639,2.8,2.62,18.46,24.45,0,29987.88,7096400,lqgz,24/5/2023 00:00:00
2263,3.01,2.61,18.48,24.36,0,0,3772639,3.01,2.61,18.48,24.36,0,29987.88,7096400,lqgz,24/5/2023 01:00:00
2264,2.96,2.61,18.29,23.9,0,0,3772639,2.96,2.61,18.29,23.9,0,29987.88,7096400,lqgz,24/5/2023 02:00:00
2265,2.92,2.61,18.14,22.96,0,0,3772639,2.92,2.61,18.14,22.96,0,29987.88,7096400,lqgz,24/5/2023 03:00:00
2266,2.92,2.61,17.92,22.03,0,0,3772639,2.92,2.61,17.92,22.03,0,29987.88,7096400,lqgz,24/5/2023 04:00:00
2267,2.92,2.61,17.65,21.47,0,0,3772639,2.92,2.61,17.65,21.47,0,29987.88,7096400,lqgz,24/5/2023 05:00:00
2268,2.92,2.61,17.64,21.62,0,0,3772639,2.92,2.61,17.64,21.62,0,29987.88,7096400,lqgz,24/5/2023 06:00:00
2269,2.92,2.61,18.1,22.74,0,0,3772639,2.92,2.61,18.1,22.74,0,29987.88,7096400,lqgz,24/5/2023 07:00:00
2270,2.92,2.58,18.53,23.18,0,0,3772639,2.92,2.58,18.53,23.18,0,0,7096400,lqgz,24/5/2023 08:00:00
2271,2.85,2.62,17.67,21.36,0,0,3772639,2.85,2.62,17.67,21.36,2414.8,2224.01,7098624,lqgz,24/5/2023 09:00:00
2272,2.85,2.64,18.38,24.99,0,0,3772639,2.85,2.64,18.38,24.99,1959.66,4383.06,7100784,lqgz,24/5/2023 10:00:00
2273,2.94,2.65,22.65,31.87,0,0,3772639,2.94,2.65,22.65,31.87,0,5000.73,7101401,lqgz,24/5/2023 11:00:00
2274,2.87,2.62,17.86,31.44,0,0,3772639,2.87,2.62,17.86,31.44,0,5000.73,7101401,lqgz,24/5/2023 12:00:00
2275,2.97,2.58,19.52,29.31,0,0,3772639,2.97,2.58,19.52,29.31,0,5000.73,7101401,lqgz,24/5/2023 13:00:00
2276,2.91,2.58,20.72,30.24,0,0,3772639,2.91,2.58,20.72,30.24,0,5000.73,7101401,lqgz,24/5/2023 14:00:00
2277,2.83,2.58,25.48,37.28,0,0,3772639,2.83,2.58,25.48,37.28,0,5000.73,7101401,lqgz,24/5/2023 15:00:00
2278,2.74,2.58,19.96,31.23,0,0,3772639,2.74,2.58,19.96,31.23,0,5000.73,7101401,lqgz,24/5/2023 18:00:00
2279,2.92,2.56,18.24,29.39,0,0,3772639,2.92,2.56,18.24,29.39,0,5000.73,7101401,lqgz,24/5/2023 19:00:10
2280,2.93,2.49,17.79,26.46,0,0,3772639,2.93,2.49,17.79,26.46,0,5000.73,7101401,lqgz,24/5/2023 20:00:00
2281,2.83,2.48,17.88,24.51,0,0,3772639,2.83,2.48,17.88,24.51,0,5000.73,7101401,lqgz,24/5/2023 21:00:00
2282,2.77,2.48,17.81,23.03,0,0,3772639,2.77,2.48,17.81,23.03,0,5000.73,7101401,lqgz,24/5/2023 22:00:00
2283,2.99,2.48,18,21.94,0,0,3772639,2.99,2.48,18,21.94,0,5000.73,7101401,lqgz,24/5/2023 23:00:00
2284,2.94,2.48,17.72,21.05,0,0,3772639,2.94,2.48,17.72,21.05,0,5000.73,7101401,lqgz,24/5/2023 23:59:51
2285,2.89,2.48,17.59,20.56,0,0,3772639,2.89,2.48,17.59,20.56,0,5000.73,7101401,lqgz,25/5/2023 01:00:00
2286,2.88,2.48,16.83,19.98,0,0,3772639,2.88,2.48,16.83,19.98,0,5000.73,7101401,lqgz,25/5/2023 02:00:00
2287,2.88,2.48,16.56,19.47,0,0,3772639,2.88,2.48,16.56,19.47,0,5000.73,7101401,lqgz,25/5/2023 03:00:10
2288,2.88,2.48,16.34,19.11,0,0,3772639,2.88,2.48,16.34,19.11,0,5000.73,7101401,lqgz,25/5/2023 04:00:00
2289,2.87,2.48,17.28,19.32,0,0,3772639,2.87,2.48,17.28,19.32,0,5000.73,7101401,lqgz,25/5/2023 05:00:10
2290,2.75,2.48,17.45,19.68,0,0,3772639,2.75,2.48,17.45,19.68,0,5000.73,7101401,lqgz,25/5/2023 06:00:10
2291,2.7,2.48,17.83,21.24,0,0,3772639,2.7,2.48,17.83,21.24,0,5000.73,7101401,lqgz,25/5/2023 07:00:00
2292,2.83,2.48,18.9,24.57,0,0,3772639,2.83,2.48,18.9,24.57,0,0,7101401,lqgz,25/5/2023 08:00:00
2293,2.8,2.52,18.07,23.25,0,0,3772639,2.8,2.52,18.07,23.25,3095.76,3337.81,7104740,lqgz,25/5/2023 09:00:10
2294,2.84,2.57,18.48,24.97,0,0,3772639,2.84,2.57,18.48,24.97,2934.8,6351.24,7107751,lqgz,25/5/2023 10:00:00
2295,2.97,2.58,27.21,38.14,0,0,3772639,2.97,2.58,27.21,38.14,0,6997.5,7108398,lqgz,25/5/2023 11:00:00
2296,2.81,2.57,19.22,44.37,0,0,3772639,2.81,2.57,19.22,44.37,0,6997.5,7108398,lqgz,25/5/2023 12:00:00
2297,2.67,2.51,26.05,42.06,0,0,3772639,2.67,2.51,26.05,42.06,0,6997.5,7108398,lqgz,25/5/2023 13:00:10
2298,2.58,2.51,27.54,44.69,0,0,3772639,2.58,2.51,27.54,44.69,0,6997.5,7108398,lqgz,25/5/2023 14:00:00
2299,2.48,2.51,27.29,43.19,0,0,3772639,2.48,2.51,27.29,43.19,0,6997.5,7108398,lqgz,25/5/2023 15:00:00
2300,2.4,2.51,25.5,40.82,0,0,3772639,2.4,2.51,25.5,40.82,0,6997.5,7108398,lqgz,25/5/2023 16:00:00
2301,2.79,2.52,24.42,38.35,0,0,3772639,2.79,2.52,24.42,38.35,0,6997.5,7108398,lqgz,25/5/2023 17:00:00
2302,2.95,2.5,20.83,37.59,0,0,3772639,2.95,2.5,20.83,37.59,0,6997.5,7108398,lqgz,25/5/2023 18:00:10
2303,2.98,2.43,18.65,34.59,0,0,3772639,2.98,2.43,18.65,34.59,0,6997.5,7108398,lqgz,25/5/2023 19:00:00
2304,3.01,2.38,19.16,32.09,0,0,3772639,3.01,2.38,19.16,32.09,0,6997.5,7108398,lqgz,25/5/2023 20:00:10
2305,2.93,2.38,18.12,30.1,0,0,3772639,2.93,2.38,18.12,30.1,0,6997.5,7108398,lqgz,25/5/2023 21:00:11
2306,2.77,2.38,17.93,28.45,0,0,3772639,2.77,2.38,17.93,28.45,0,6997.5,7108398,lqgz,25/5/2023 22:00:10
2307,2.88,2.38,18.14,27.16,0,0,3772639,2.88,2.38,18.14,27.16,0,6997.5,7108398,lqgz,25/5/2023 23:00:13
2308,2.81,2.38,18.33,26.02,0,0,3772639,2.81,2.38,18.33,26.02,0,6997.5,7108398,lqgz,26/5/2023 00:00:00
2309,2.76,2.38,18.54,25.82,0,0,3772639,2.76,2.38,18.54,25.82,0,6997.5,7108398,lqgz,26/5/2023 01:00:12
2310,2.71,2.37,18.64,25.46,0,0,3772639,2.71,2.37,18.64,25.46,0,6997.5,7108398,lqgz,26/5/2023 02:00:02
2311,2.67,2.36,18.96,25.73,0,0,3772639,2.67,2.36,18.96,25.73,0,6997.5,7108398,lqgz,26/5/2023 03:00:07
2312,2.67,2.36,19.32,25.5,0,0,3772639,2.67,2.36,19.32,25.5,0,6997.5,7108398,lqgz,26/5/2023 04:00:10
2313,2.67,2.36,19.58,25.74,0,0,3772639,2.67,2.36,19.58,25.74,0,6997.5,7108398,lqgz,26/5/2023 05:00:12
2314,2.88,2.34,18.65,24.98,0,0,3772639,2.88,2.34,18.65,24.98,0,6997.5,7108398,lqgz,26/5/2023 06:00:14
2315,2.98,2.34,18.61,24.69,0,0,3772639,2.98,2.34,18.61,24.69,0,6997.5,7108398,lqgz,26/5/2023 07:00:09
2316,2.91,2.34,19.26,25.05,0,0,3772639,2.91,2.34,19.26,25.05,0,0,7108398,lqgz,26/5/2023 08:00:12
2317,2.79,2.43,17.66,20.63,0,0,3772639,2.79,2.43,17.66,20.63,4093.52,4605.79,7113005,lqgz,26/5/2023 09:00:07
2318,2.8,2.5,17.83,21.58,0,0,3772639,2.8,2.5,17.83,21.58,3446.6,8348.68,7116748,lqgz,26/5/2023 10:00:10
2319,2.83,2.54,17.88,21.83,0,0,3772639,2.83,2.54,17.88,21.83,3234.41,11687.88,7120087,lqgz,26/5/2023 11:00:06
2320,2.77,2.55,17.81,24.17,0,0,3772639,2.77,2.55,17.81,24.17,0,14001.89,7122400,lqgz,26/5/2023 12:00:17
2321,2.97,2.5,19.94,25.84,0,0,3772639,2.97,2.5,19.94,25.84,0,14001.89,7122400,lqgz,26/5/2023 13:00:10
2322,2.9,2.5,20.47,27.06,0,0,3772639,2.9,2.5,20.47,27.06,0,14001.89,7122400,lqgz,26/5/2023 14:00:00
2323,2.82,2.5,21.07,27.85,0,0,3772639,2.82,2.5,21.07,27.85,0,14001.89,7122400,lqgz,26/5/2023 15:00:11
2324,2.73,2.5,20.64,27.31,0,0,3772639,2.73,2.5,20.64,27.31,0,14001.89,7122400,lqgz,26/5/2023 16:00:12
2325,2.65,2.5,19.69,27.22,0,0,3772639,2.65,2.5,19.69,27.22,0,14001.89,7122400,lqgz,26/5/2023 17:00:01
2326,2.83,2.49,18.87,27.03,0,0,3772639,2.83,2.49,18.87,27.03,0,14001.89,7122400,lqgz,26/5/2023 18:00:00
2327,2.93,2.49,18.52,26.8,0,0,3772639,2.93,2.49,18.52,26.8,0,14001.89,7122400,lqgz,26/5/2023 19:00:15
2328,2.86,2.44,18.55,26.58,0,0,3772639,2.86,2.44,18.55,26.58,0,14001.89,7122400,lqgz,26/5/2023 20:00:16
2329,2.72,2.44,18.55,26.51,0,0,3772639,2.72,2.44,18.55,26.51,0,14001.89,7122400,lqgz,26/5/2023 21:00:01
2330,2.7,2.44,18.81,26.47,0,0,3772639,2.7,2.44,18.81,26.47,0,14001.89,7122400,lqgz,26/5/2023 22:00:02
2331,2.94,2.44,19.43,26.26,0,0,3772639,2.94,2.44,19.43,26.26,0,14001.89,7122400,lqgz,26/5/2023 23:00:15
2332,2.87,2.43,19.67,25.94,0,0,3772639,2.87,2.43,19.67,25.94,0,14001.89,7122400,lqgz,27/5/2023 00:00:10
2333,2.81,2.43,19.44,25.64,0,0,3772639,2.81,2.43,19.44,25.64,0,14001.89,7122400,lqgz,27/5/2023 01:00:15
2334,2.75,2.43,19.04,25.28,0,0,3772639,2.75,2.43,19.04,25.28,0,14001.89,7122400,lqgz,27/5/2023 02:00:12
2335,2.9,2.43,19.65,25.28,0,0,3772639,2.9,2.43,19.65,25.28,0,14001.89,7122400,lqgz,27/5/2023 03:00:06
2336,2.94,2.41,19.39,25.23,0,0,3772639,2.94,2.41,19.39,25.23,0,14001.89,7122400,lqgz,27/5/2023 04:00:01
2337,2.89,2.41,19.51,25.45,0,0,3772639,2.89,2.41,19.51,25.45,0,14001.89,7122400,lqgz,27/5/2023 05:00:12
2338,2.8,2.41,19.22,25.92,0,0,3772639,2.8,2.41,19.22,25.92,0,14001.89,7122400,lqgz,27/5/2023 06:00:00
2339,2.79,2.4,20.45,27.14,0,0,3772639,2.79,2.4,20.45,27.14,0,14001.89,7122400,lqgz,27/5/2023 07:00:00
2340,2.78,2.4,21.79,28.92,0,0,3772639,2.78,2.4,21.79,28.92,0,14001.89,7122400,lqgz,27/5/2023 08:00:00
2341,2.7,2.5,18,22.91,0,0,3772639,2.7,2.5,18,22.91,4586.45,4810.11,7127216,lqgz,27/5/2023 09:00:16
2342,2.73,2.56,18.14,24.01,0,0,3772639,2.73,2.56,18.14,24.01,2818.15,8453.71,7130852,lqgz,27/5/2023 10:00:12
2343,2.75,2.59,18.23,24.39,0,0,3772639,2.75,2.59,18.23,24.39,3018.77,11328.63,7133730,lqgz,27/5/2023 11:00:13
2344,2.81,2.59,18.91,28.12,0,0,3772639,2.81,2.59,18.91,28.12,0,14000.96,7136401,lqgz,27/5/2023 12:00:00
2345,2.97,2.54,23.63,33.12,0,0,3772639,2.97,2.54,23.63,33.12,0,14000.96,7136401,lqgz,27/5/2023 13:00:00
2346,2.97,2.53,28.46,40.79,0,0,3772639,2.97,2.53,28.46,40.79,0,14000.96,7136401,lqgz,27/5/2023 14:00:00
2347,2.9,2.53,27.22,39.2,0,0,3772639,2.9,2.53,27.22,39.2,0,14000.96,7136401,lqgz,27/5/2023 15:00:13
2348,2.82,2.53,27.31,40.98,0,0,3772639,2.82,2.53,27.31,40.98,0,14000.96,7136401,lqgz,27/5/2023 16:00:11
2349,2.69,2.53,24.25,38.91,0,0,3772639,2.69,2.53,24.25,38.91,0,14000.96,7136401,lqgz,27/5/2023 17:00:12
2350,2.92,2.52,23.43,37.85,0,0,3772639,2.92,2.52,23.43,37.85,0,14000.96,7136401,lqgz,27/5/2023 18:00:11
2351,2.99,2.45,23.09,35.91,0,0,3772639,2.99,2.45,23.09,35.91,0,14000.96,7136401,lqgz,27/5/2023 19:00:10
2352,2.94,2.41,22.37,32.89,0,0,3772639,2.94,2.41,22.37,32.89,0,14000.96,7136401,lqgz,27/5/2023 20:00:11
2353,2.87,2.39,21.83,31.64,0,0,3772639,2.87,2.39,21.83,31.64,0,14000.96,7136401,lqgz,27/5/2023 21:00:01
2354,2.76,2.36,21.33,31.18,0,0,3772639,2.76,2.36,21.33,31.18,0,14000.96,7136401,lqgz,27/5/2023 22:00:11
2355,2.92,2.35,20.57,30.75,0,0,3772639,2.92,2.35,20.57,30.75,0,14000.96,7136401,lqgz,27/5/2023 23:00:00
2356,2.96,2.35,21.34,30.32,0,0,3772639,2.96,2.35,21.34,30.32,0,14000.96,7136401,lqgz,28/5/2023 00:00:01
2357,2.9,2.35,21.32,30,0,0,3772639,2.9,2.35,21.32,30,0,14000.96,7136401,lqgz,28/5/2023 01:00:00
2358,2.84,2.35,21.26,29.71,0,0,3772639,2.84,2.35,21.26,29.71,0,14000.96,7136401,lqgz,28/5/2023 02:00:00
2359,2.78,2.35,21.19,29.44,0,0,3772639,2.78,2.35,21.19,29.44,0,14000.96,7136401,lqgz,28/5/2023 03:00:11
2360,2.73,2.35,20.78,28.47,0,0,3772639,2.73,2.35,20.78,28.47,0,14000.96,7136401,lqgz,28/5/2023 04:00:12
2361,2.68,2.3,18.26,22.59,4209.36,5955.36,3778596,2.68,2.3,18.26,22.59,0,0,7154169,lqgz,30/5/2023 10:00:11
2362,2.76,2.38,18.32,23.03,4164.78,10177.33,3782818,2.76,2.38,18.32,23.03,0,0,7154169,lqgz,30/5/2023 11:00:00
2363,2.8,2.43,18.62,24.65,0,13970.88,3786610,2.8,2.43,18.62,24.65,0,0,7154169,lqgz,30/5/2023 12:00:10
2364,2.97,2.35,22.54,30.64,0,13970.88,3786610,2.97,2.35,22.54,30.64,0,0,7154169,lqgz,30/5/2023 13:00:00
2365,2.89,2.31,23.09,31.9,0,13970.88,3786610,2.89,2.31,23.09,31.9,0,0,7154169,lqgz,30/5/2023 14:00:13
2366,0,0,0,0,0,0,0,0,0,0,0,0,0,0,lqgz,1/6/2023 17:08:21
2367,0,0,0,0,0,0,0,0,0,0,0,0,0,0,lqgz,1/6/2023 18:07:55
2368,0,0,0,0,0,0,0,0,0,0,0,0,0,0,lqgz,1/6/2023 19:10:17
2369,0,0,0,0,0,0,0,0,0,0,0,0,0,0,lqgz,1/6/2023 20:10:12
2370,0,0,0,0,0,0,0,0,0,0,0,0,0,0,lqgz,1/6/2023 21:20:16
2371,0,0,0,0,0,0,0,0,0,0,0,0,0,0,lqgz,1/6/2023 22:11:05
2372,0,0,0,0,0,0,0,0,0,0,0,0,0,0,lqgz,1/6/2023 23:08:12
2373,0,0,0,0,0,0,0,0,0,0,0,0,0,0,lqgz,2/6/2023 00:09:32
2374,0,0,0,0,0,0,0,0,0,0,0,0,0,0,lqgz,2/6/2023 01:01:56
2375,0,0,0,0,0,0,0,0,0,0,0,0,0,0,lqgz,2/6/2023 02:01:55
2376,0,0,0,0,0,0,0,0,0,0,0,0,0,0,lqgz,2/6/2023 03:01:24
2377,0,0,0,0,0,0,0,0,0,0,0,0,0,0,lqgz,2/6/2023 04:01:34
2378,0,0,0,0,0,0,0,0,0,0,0,0,0,0,lqgz,2/6/2023 11:01:34
2379,0,0,0,0,0,0,0,0,0,0,0,0,0,0,lqgz,2/6/2023 12:01:24
2380,0,0,0,0,0,0,0,0,0,0,0,0,0,0,lqgz,2/6/2023 13:01:24
2381,0,0,0,0,0,0,0,0,0,0,0,0,0,0,lqgz,2/6/2023 14:01:27
2382,0,0,0,0,0,0,0,0,0,0,0,0,0,0,lqgz,2/6/2023 15:01:35
2383,0,0,0,0,0,0,0,0,0,0,0,0,0,0,lqgz,2/6/2023 16:01:59
2384,0,0,0,0,0,0,0,0,0,0,0,0,0,0,lqgz,2/6/2023 17:01:55
2385,0,0,0,0,0,0,0,0,0,0,0,0,0,0,lqgz,2/6/2023 18:01:45
2386,0,0,0,0,0,0,0,0,0,0,0,0,0,0,lqgz,2/6/2023 19:01:34
2387,0,0,0,0,0,0,0,0,0,0,0,0,0,0,lqgz,2/6/2023 20:01:57
2388,0,0,0,0,0,0,0,0,0,0,0,0,0,0,lqgz,2/6/2023 21:01:48
2389,0,0,0,0,0,0,0,0,0,0,0,0,0,0,lqgz,2/6/2023 22:01:57
2390,0,0,0,0,0,0,0,0,0,0,0,0,0,0,lqgz,2/6/2023 23:01:45
2391,0,0,0,0,0,0,0,0,0,0,0,0,0,0,lqgz,4/6/2023 19:08:10
2392,0,0,0,0,0,0,0,0,0,0,0,0,0,0,lqgz,4/6/2023 20:10:53
2393,0,0,0,0,0,0,0,0,0,0,0,0,0,0,lqgz,4/6/2023 21:08:21
2394,0,0,0,0,0,0,0,0,0,0,0,0,0,0,lqgz,4/6/2023 22:10:22
2395,0,0,0,0,0,0,0,0,0,0,0,0,0,0,lqgz,4/6/2023 23:08:11
2396,0,0,0,0,0,0,0,0,0,0,0,0,0,0,lqgz,5/6/2023 00:12:19
2397,0,0,0,0,0,0,0,0,0,0,0,0,0,0,lqgz,5/6/2023 01:00:03
2398,0,0,0,0,0,0,0,0,0,0,0,0,0,0,lqgz,5/6/2023 02:00:07
2399,0,0,0,0,0,0,0,0,0,0,0,0,0,0,lqgz,5/6/2023 03:00:03
2400,0,0,0,0,0,0,0,0,0,0,0,0,0,0,lqgz,5/6/2023 04:00:07
2401,0,0,0,0,0,0,0,0,0,0,0,0,0,0,lqgz,5/6/2023 05:00:07
2402,0,0,0,0,0,0,0,0,0,0,0,0,0,0,lqgz,5/6/2023 06:00:07
2403,0,0,0,0,0,0,0,0,0,0,0,0,0,0,lqgz,5/6/2023 07:00:07
2404,0,0,0,0,0,0,0,0,0,0,0,0,0,0,lqgz,5/6/2023 08:20:38
2405,0,0,0,0,0,0,0,0,0,0,0,0,0,0,lqgz,5/6/2023 09:07:57
2406,0,0,0,0,0,0,0,0,0,0,0,0,0,0,lqgz,5/6/2023 10:11:08
2407,0,0,0,0,0,0,0,0,0,0,0,0,0,0,lqgz,5/6/2023 11:08:15
2408,0,0,0,0,0,0,0,0,0,0,0,0,0,0,lqgz,5/6/2023 12:01:55
2409,0,0,0,0,0,0,0,0,0,0,0,0,0,0,lqgz,5/6/2023 13:01:24
2410,0,0,0,0,0,0,0,0,0,0,0,0,0,0,lqgz,5/6/2023 14:01:34
2411,0,0,0,0,0,0,0,0,0,0,0,0,0,0,lqgz,5/6/2023 15:01:55
2412,0,0,0,0,0,0,0,0,0,0,0,0,0,0,lqgz,5/6/2023 16:01:58
2413,0,0,0,0,0,0,0,0,0,0,0,0,0,0,lqgz,5/6/2023 17:01:56
2414,0,0,0,0,0,0,0,0,0,0,0,0,0,0,lqgz,5/6/2023 18:09:12
2415,0,0,0,0,0,0,0,0,0,0,0,0,0,0,lqgz,5/6/2023 19:01:56
2416,0,0,0,0,0,0,0,0,0,0,0,0,0,0,lqgz,5/6/2023 20:08:46
2417,0,0,0,0,0,0,0,0,0,0,0,0,0,0,lqgz,5/6/2023 21:08:22
2418,0,0,0,0,0,0,0,0,0,0,0,0,0,0,lqgz,5/6/2023 22:08:07
2419,0,0,0,0,0,0,0,0,0,0,0,0,0,0,lqgz,5/6/2023 23:08:04
2420,0,0,0,0,0,0,0,0,0,0,0,0,0,0,lqgz,6/6/2023 00:18:12
2421,0,0,0,0,0,0,0,0,0,0,0,0,0,0,lqgz,6/6/2023 01:11:08
2422,0,0,0,0,0,0,0,0,0,0,0,0,0,0,lqgz,6/6/2023 02:08:17
2423,0,0,0,0,0,0,0,0,0,0,0,0,0,0,lqgz,6/6/2023 03:00:03
2424,0,0,0,0,0,0,0,0,0,0,0,0,0,0,lqgz,6/6/2023 04:00:00
2425,0,0,0,0,0,0,0,0,0,0,0,0,0,0,lqgz,6/6/2023 05:00:07
2426,0,0,0,0,0,0,0,0,0,0,0,0,0,0,lqgz,6/6/2023 06:00:03
2427,0,0,0,0,0,0,0,0,0,0,0,0,0,0,lqgz,6/6/2023 07:11:00
2428,0,0,0,0,0,0,0,0,0,0,0,0,0,0,lqgz,6/6/2023 08:10:58
2429,0,0,0,0,0,0,0,0,0,0,0,0,0,0,lqgz,6/6/2023 09:08:07
2430,0,0,0,0,0,0,0,0,0,0,0,0,0,0,lqgz,6/6/2023 10:08:04
2431,0,0,0,0,0,0,0,0,0,0,0,0,0,0,lqgz,6/6/2023 11:01:34
2432,0,0,0,0,0,0,0,0,0,0,0,0,0,0,lqgz,6/6/2023 12:01:57
2433,0,0,0,0,0,0,0,0,0,0,0,0,0,0,lqgz,6/6/2023 13:01:24
2434,0,0,0,0,0,0,0,0,0,0,0,0,0,0,lqgz,6/6/2023 14:01:35
2435,0,0,0,0,0,0,0,0,0,0,0,0,0,0,lqgz,6/6/2023 15:02:03
2436,0,0,0,0,0,0,0,0,0,0,0,0,0,0,lqgz,6/6/2023 16:01:34
2437,2.77,2.58,19.03,28.94,2826.87,40817.51,4159748,2.77,2.58,19.03,28.94,0,0,7154169,lqgz,6/6/2023 17:00:15
2438,2.79,2.59,18.84,26.92,3624.89,44251.79,4163178,2.79,2.59,18.84,26.92,0,0,7154169,lqgz,6/6/2023 18:00:13
2439,2.77,2.6,18.3,24.87,3183.04,47748.81,4166679,2.77,2.6,18.3,24.87,0,0,7154169,lqgz,6/6/2023 19:00:10
2440,2.79,2.6,18.14,23.77,3283.57,51095.95,4170027,2.79,2.6,18.14,23.77,0,0,7154169,lqgz,6/6/2023 20:00:10
2441,2.93,2.55,18.74,26.65,0,52003.37,4170933,2.93,2.55,18.74,26.65,0,0,7154169,lqgz,6/6/2023 21:00:13
2442,0,0,0,0,0,0,0,0,0,0,0,0,0,0,lqgz,6/6/2023 22:00:03
2443,0,0,0,0,0,0,0,0,0,0,0,0,0,0,lqgz,6/6/2023 23:00:07
2444,0,0,0,0,0,0,0,0,0,0,0,0,0,0,lqgz,7/6/2023 00:00:07
2445,0,0,0,0,0,0,0,0,0,0,0,0,0,0,lqgz,7/6/2023 01:00:07
2446,0,0,0,0,0,0,0,0,0,0,0,0,0,0,lqgz,7/6/2023 02:00:07
2447,0,0,0,0,0,0,0,0,0,0,0,0,0,0,lqgz,7/6/2023 03:00:07
2448,0,0,0,0,0,0,0,0,0,0,0,0,0,0,lqgz,7/6/2023 04:00:00
2449,0,0,0,0,0,0,0,0,0,0,0,0,0,0,lqgz,7/6/2023 05:00:00
2450,2.79,2.36,18.72,25.92,0,52003.37,4170933,2.79,2.36,18.72,25.92,0,0,7154169,lqgz,7/6/2023 06:00:11
2451,2.91,2.31,19.14,31.66,0,52003.37,4170933,2.91,2.31,19.14,31.66,0,0,7154169,lqgz,7/6/2023 07:00:13
2452,2.96,2.25,22.65,40.75,0,52003.37,4170933,2.96,2.25,22.65,40.75,0,0,7154169,lqgz,7/6/2023 08:00:17
2453,2.57,2.34,18.46,25.19,5872.78,7364.16,4178299,2.57,2.34,18.46,25.19,0,0,7154169,lqgz,7/6/2023 09:00:04
2454,2.6,2.39,18.88,26.99,5174.79,12801.11,4183740,2.6,2.39,18.88,26.99,0,0,7154169,lqgz,7/6/2023 10:00:10
2455,2.62,2.42,18.94,27.54,4258.6,17708.1,4188642,2.62,2.42,18.94,27.54,0,0,7154169,lqgz,7/6/2023 11:00:01
2456,2.6,2.41,18.84,27.86,3441.44,21461.54,4192396,2.6,2.41,18.84,27.86,0,0,7154169,lqgz,7/6/2023 12:00:11
2457,2.63,2.42,19.02,27.31,5011.11,26121.26,4197056,2.63,2.42,19.02,27.31,0,0,7154169,lqgz,7/6/2023 13:00:11
2458,2.68,2.47,19,27.24,4700.08,31011.73,4201942,2.68,2.47,19,27.24,0,0,7154169,lqgz,7/6/2023 14:00:10
2459,2.73,2.53,18.9,26.71,4268.89,35478.59,4206413,2.73,2.53,18.9,26.71,0,0,7154169,lqgz,7/6/2023 15:00:00
2460,2.77,2.58,18.75,26.02,3795.25,39475.36,4210409,2.77,2.58,18.75,26.02,0,0,7154169,lqgz,7/6/2023 16:00:01
2461,2.76,2.58,18.76,26.31,2995.03,41877.35,4212813,2.76,2.58,18.76,26.31,0,0,7154169,lqgz,7/6/2023 17:00:11
2462,2.78,2.61,18.56,25.69,2647.77,45275.88,4216210,2.78,2.61,18.56,25.69,0,0,7154169,lqgz,7/6/2023 18:00:11
2463,2.77,2.61,18.22,24.17,3296.02,48694.36,4219628,2.77,2.61,18.22,24.17,0,0,7154169,lqgz,7/6/2023 19:00:12
2464,0,0,0,0,0,0,0,0,0,0,0,0,0,0,lqgz,7/6/2023 20:00:03
2465,2.98,2.56,20.3,26.65,0,52718.86,4223652,2.98,2.56,20.3,26.65,0,0,7154169,lqgz,7/6/2023 21:00:01
2466,2.95,2.5,18.52,27.14,0,52718.86,4223652,2.95,2.5,18.52,27.14,0,0,7154169,lqgz,7/6/2023 22:00:12
2467,2.98,2.47,18.89,26.96,0,52718.86,4223652,2.98,2.47,18.89,26.96,0,0,7154169,lqgz,7/6/2023 23:00:13
2468,2.94,2.45,19.14,26.56,0,52718.86,4223652,2.94,2.45,19.14,26.56,0,0,7154169,lqgz,8/6/2023 00:00:16
2469,2.88,2.44,18.94,26.02,0,52718.86,4223652,2.88,2.44,18.94,26.02,0,0,7154169,lqgz,8/6/2023 01:00:11
2470,2.83,2.44,18.87,25.6,0,52718.86,4223652,2.83,2.44,18.87,25.6,0,0,7154169,lqgz,8/6/2023 02:00:15
2471,2.78,2.43,18.86,25.31,0,52718.86,4223652,2.78,2.43,18.86,25.31,0,0,7154169,lqgz,8/6/2023 03:00:30
2472,2.73,2.43,18.72,24.98,0,52718.86,4223652,2.73,2.43,18.72,24.98,0,0,7154169,lqgz,8/6/2023 04:00:27
2473,2.67,2.42,18.56,24.43,0,52718.86,4223652,2.67,2.42,18.56,24.43,0,0,7154169,lqgz,8/6/2023 05:00:14
2474,2.78,2.4,18.92,24.71,0,52718.86,4223652,2.78,2.4,18.92,24.71,0,0,7154169,lqgz,8/6/2023 06:00:12
2475,2.95,2.36,19.01,30.89,0,52718.86,4223652,2.95,2.36,19.01,30.89,0,0,7154169,lqgz,8/6/2023 07:00:00
2476,2.86,2.3,20.99,38.72,0,52718.86,4223652,2.86,2.3,20.99,38.72,0,0,7154169,lqgz,8/6/2023 08:00:00
2477,2.67,2.39,18.86,26.52,5084.52,9599.14,4233252,2.67,2.39,18.86,26.52,0,0,7154169,lqgz,8/6/2023 10:00:18
2478,2.64,2.43,18.98,27.67,4607.77,14642.36,4238296,2.64,2.43,18.98,27.67,0,0,7154169,lqgz,8/6/2023 11:00:00
2479,2.6,2.43,19.12,29.05,3640.22,18426.19,4242079,2.6,2.43,19.12,29.05,0,0,7154169,lqgz,8/6/2023 12:00:10
2480,2.62,2.44,19.26,29.08,4718.2,23427.33,4247078,2.62,2.44,19.26,29.08,0,0,7154169,lqgz,8/6/2023 13:00:00
2481,2.67,2.49,19.54,30.04,4543.34,28248.88,4251902,2.67,2.49,19.54,30.04,0,0,7154169,lqgz,8/6/2023 14:00:20
2482,2.72,2.54,19.59,30.38,4147.33,32065.59,4255719,2.72,2.54,19.59,30.38,0,0,7154169,lqgz,8/6/2023 15:00:15
2483,2.72,2.54,19.59,30.38,4147.33,32065.59,4255719,2.72,2.54,19.59,30.38,0,0,7154169,lqgz,8/6/2023 16:00:24
2484,2.81,2.61,19.41,29.43,2644.75,32258.5,4255913,2.81,2.61,19.41,29.43,0,0,7154169,lqgz,8/6/2023 17:00:02
2485,2.83,2.62,19.01,27.08,2440.35,35356.75,4259009,2.83,2.62,19.01,27.08,0,0,7154169,lqgz,8/6/2023 18:00:00
2486,2.8,2.61,18.62,26.06,2515.23,36871,4260524,2.8,2.61,18.62,26.06,0,0,7154169,lqgz,8/6/2023 19:00:00
2487,0,0,0,0,0,0,0,0,0,0,0,0,0,0,lqgz,8/6/2023 20:00:00
2488,2.77,2.61,18.01,23.08,3527.95,44481.81,4268135,2.77,2.61,18.01,23.08,0,0,7154169,lqgz,8/6/2023 21:00:00
2489,2.77,2.61,18.03,23.03,3284.01,47859.74,4271496,2.77,2.61,18.03,23.03,0,0,7154169,lqgz,8/6/2023 22:00:00
2490,2.77,2.62,18.03,23.08,3658.34,51330.19,4274983,2.77,2.62,18.03,23.08,0,0,7154169,lqgz,8/6/2023 23:00:33
2491,2.9,2.64,19.6,24.99,0,53394.92,4277047,2.9,2.64,19.6,24.99,0,0,7154169,lqgz,9/6/2023 00:00:04
2492,2.9,2.63,19.6,26.63,0,53394.92,4277047,2.9,2.63,19.6,26.63,0,0,7154169,lqgz,9/6/2023 01:00:22
2493,2.99,2.62,20.57,27.48,0,53394.92,4277047,2.99,2.62,20.57,27.48,0,0,7154169,lqgz,9/6/2023 02:00:33
2494,2.99,2.62,20.57,27.48,0,53394.92,4277047,2.99,2.62,20.57,27.48,0,0,7154169,lqgz,9/6/2023 03:00:43
2495,2.99,2.62,20.57,27.48,0,53394.92,4277047,2.99,2.62,20.57,27.48,0,0,7154169,lqgz,9/6/2023 04:00:10
2496,2.99,2.62,20.57,27.48,0,53394.92,4277047,2.99,2.62,20.57,27.48,0,0,7154169,lqgz,9/6/2023 05:00:00
2497,2.99,2.62,20.57,27.48,0,53394.92,4277047,2.99,2.62,20.57,27.48,0,0,7154169,lqgz,9/6/2023 06:00:27
2498,2.99,2.62,20.57,27.48,0,53394.92,4277047,2.99,2.62,20.57,27.48,0,0,7154169,lqgz,9/6/2023 07:00:12
2499,2.7,2.49,19.24,29.07,3288.57,2390.01,4279438,2.7,2.49,19.24,29.07,0,0,7154169,lqgz,9/6/2023 10:00:13
2500,2.7,2.49,19.24,29.07,3288.57,2390.01,4279438,2.7,2.49,19.24,29.07,0,0,7154169,lqgz,9/6/2023 11:00:03
2501,2.59,2.44,19.61,31.27,1830.23,9368.91,4286416,2.59,2.44,19.61,31.27,0,0,7154169,lqgz,9/6/2023 12:00:12
2502,2.61,2.44,19.41,29.43,5876.48,14304.74,4291353,2.61,2.44,19.41,29.43,0,0,7154169,lqgz,9/6/2023 13:00:00
2503,2.67,2.5,19.47,29.76,5325.44,19917.74,4296966,2.67,2.5,19.47,29.76,0,0,7154169,lqgz,9/6/2023 14:00:15
2504,2.73,2.56,19.28,28.71,5018.06,25039.74,4302088,2.73,2.56,19.28,28.71,0,0,7154169,lqgz,9/6/2023 15:00:15
2505,2.79,2.62,19.16,28.46,4687.88,29804.99,4306853,2.79,2.62,19.16,28.46,0,0,7154169,lqgz,9/6/2023 16:00:03
2506,2.83,2.66,19.38,29.32,4293.64,34337,4311385,2.83,2.66,19.38,29.32,0,0,7154169,lqgz,9/6/2023 17:00:00
2507,2.85,2.68,18.97,27.9,3160.82,38099.55,4315147,2.85,2.68,18.97,27.9,0,0,7154169,lqgz,9/6/2023 18:00:10
2508,2.86,2.69,18.67,26.13,3765.39,41528.07,4318572,2.86,2.69,18.67,26.13,0,0,7154169,lqgz,9/6/2023 19:00:00
2509,2.86,2.69,18.43,24.9,3614.99,45231.73,4322280,2.86,2.69,18.43,24.9,0,0,7154169,lqgz,9/6/2023 20:00:12
2510,2.86,2.69,18.32,24.23,3488.67,48763.3,4325813,2.86,2.69,18.32,24.23,0,0,7154169,lqgz,9/6/2023 21:00:10
2511,2.86,2.69,18.25,23.99,3387.49,52246.67,4329294,2.86,2.69,18.25,23.99,0,0,7154169,lqgz,9/6/2023 22:00:16
2512,2.87,2.71,18.22,23.77,3146.03,55497.91,4332546,2.87,2.71,18.22,23.77,0,0,7154169,lqgz,9/6/2023 23:00:13
2513,2.92,2.75,18.3,23.76,3301.55,59076.42,4336124,2.92,2.75,18.3,23.76,0,0,7154169,lqgz,10/6/2023 00:00:00
2514,2.97,2.8,18.4,24.17,2756.88,62196.04,4339241,2.97,2.8,18.4,24.17,0,0,7154169,lqgz,10/6/2023 01:00:06
2515,3.01,2.84,18.35,23.88,2089.6,64622.27,4341670,3.01,2.84,18.35,23.88,0,0,7154169,lqgz,10/6/2023 02:00:00
2516,3.03,2.86,18.8,24.4,1350.84,66036.41,4343084,3.03,2.86,18.8,24.4,0,0,7154169,lqgz,10/6/2023 03:00:01
2517,3.05,2.87,19.49,25.12,0,67012.01,4344059,3.05,2.87,19.49,25.12,0,0,7154169,lqgz,10/6/2023 04:00:15
2518,3.03,2.86,19.65,26.09,0,67012.01,4344059,3.03,2.86,19.65,26.09,0,0,7154169,lqgz,10/6/2023 05:00:38
2519,2.9,2.84,18.86,26.68,0,67012.01,4344059,2.9,2.84,18.86,26.68,0,0,7154169,lqgz,10/6/2023 06:00:02
2520,2.79,2.81,20.88,33.75,0,67012.01,4344059,2.79,2.81,20.88,33.75,0,0,7154169,lqgz,10/6/2023 07:00:10
2521,2.91,2.76,24.79,42.74,0,67012.01,4344059,2.91,2.76,24.79,42.74,0,0,7154169,lqgz,10/6/2023 08:00:12
2522,2.9,2.73,25.78,39.23,0,1367.18,4345426,2.9,2.73,25.78,39.23,0,0,7154169,lqgz,10/6/2023 09:00:11
2523,2.84,2.68,32.41,51.69,0,1367.18,4345426,2.84,2.68,32.41,51.69,0,0,7154169,lqgz,10/6/2023 10:00:11
2524,2.78,2.61,34.25,35.03,777.4,1680.09,4345739,2.78,2.61,34.25,35.03,0,0,7154169,lqgz,10/6/2023 11:00:11
2525,2.66,2.5,31.51,27.58,1629.13,3383.4,4347443,2.66,2.5,31.51,27.58,0,0,7154169,lqgz,10/6/2023 12:00:32
2526,2.65,2.47,20,31.46,5578.06,6749.53,4350810,2.65,2.47,20,31.46,0,0,7154169,lqgz,10/6/2023 13:00:29
2527,2.71,2.53,19.96,31.19,4946.84,12011.57,4356072,2.71,2.53,19.96,31.19,0,0,7154169,lqgz,10/6/2023 14:00:00
2528,2.76,2.58,19.96,31.54,4599.9,16936.84,4360997,2.76,2.58,19.96,31.54,0,0,7154169,lqgz,10/6/2023 15:00:18
2529,2.8,2.63,19.88,31.44,4245.54,21337.67,4365398,2.8,2.63,19.88,31.44,0,0,7154169,lqgz,10/6/2023 16:00:01
2530,2.84,2.67,19.81,31.11,3784.78,25354.64,4369415,2.84,2.67,19.81,31.11,0,0,7154169,lqgz,10/6/2023 17:00:28
2531,2.85,2.67,19.35,29.66,3030.57,28358.84,4372417,2.85,2.67,19.35,29.66,0,0,7154169,lqgz,10/6/2023 18:00:14
2532,2.8,2.64,23.17,30.25,692.19,30336.82,4374396,2.8,2.64,23.17,30.25,0,0,7154169,lqgz,10/6/2023 19:00:02
2533,2.81,2.57,23.11,36.01,0,30352.88,4374412,2.81,2.57,23.11,36.01,0,0,7154169,lqgz,10/6/2023 20:00:10
2534,2.96,2.52,19.14,28.29,4728.19,30823.58,4374884,2.96,2.52,19.14,28.29,0,0,7154169,lqgz,10/6/2023 21:00:07
2535,2.77,2.59,18.16,23.2,4285.86,36814.28,4380874,2.77,2.59,18.16,23.2,0,0,7154169,lqgz,10/6/2023 22:00:10
2536,2.79,2.62,18.1,23,3908.96,40997.94,4385056,2.79,2.62,18.1,23,0,0,7154169,lqgz,10/6/2023 23:00:01
2537,2.83,2.66,18.18,23.27,3384.86,44654.69,4388714,2.83,2.66,18.18,23.27,0,0,7154169,lqgz,11/6/2023 00:00:11
2538,2.89,2.71,18.22,23.24,2742.31,47944.6,4392003,2.89,2.71,18.22,23.24,0,0,7154169,lqgz,11/6/2023 01:00:11
2539,2.97,2.71,19.83,26.26,0,48007.65,4392066,2.97,2.71,19.83,26.26,0,0,7154169,lqgz,11/6/2023 02:00:15
2540,2.92,2.7,19.85,26.83,0,48007.65,4392066,2.92,2.7,19.85,26.83,0,0,7154169,lqgz,11/6/2023 03:00:00
2541,2.87,2.7,19.65,26.9,0,48007.65,4392066,2.87,2.7,19.65,26.9,0,0,7154169,lqgz,11/6/2023 04:00:11
2542,2.81,2.7,19.43,26.57,0,48007.65,4392066,2.81,2.7,19.43,26.57,0,0,7154169,lqgz,11/6/2023 05:00:18
2543,2.75,2.67,19.61,27.29,0,48007.65,4392066,2.75,2.67,19.61,27.29,0,0,7154169,lqgz,11/6/2023 06:00:24
2544,2.71,2.64,19.96,30.03,0,48007.65,4392066,2.71,2.64,19.96,30.03,0,0,7154169,lqgz,11/6/2023 07:00:12
2545,2.9,2.6,21.79,36.52,0,48007.65,4392066,2.9,2.6,21.79,36.52,0,0,7154169,lqgz,11/6/2023 08:00:00
2546,2.77,2.61,22.61,31.33,752.56,3385.21,4395452,2.77,2.61,22.61,31.33,0,0,7154169,lqgz,11/6/2023 09:00:14
2547,2.71,2.55,29.13,34.48,460.01,3763,4395829,2.71,2.55,29.13,34.48,0,0,7154169,lqgz,11/6/2023 10:00:16
2548,2.74,2.56,19.5,29.88,4300.79,7380.24,4399448,2.74,2.56,19.5,29.88,0,0,7154169,lqgz,11/6/2023 11:00:15
2549,2.72,2.55,19.37,30.43,3024.86,10597.53,4402665,2.72,2.55,19.37,30.43,0,0,7154169,lqgz,11/6/2023 12:00:03
2550,2.73,2.55,19.26,28.64,4884.03,15145.84,4407214,2.73,2.55,19.26,28.64,0,0,7154169,lqgz,11/6/2023 13:00:02
2551,2.77,2.59,19.54,29.72,4055.81,19670.1,4411738,2.77,2.59,19.54,29.72,0,0,7154169,lqgz,11/6/2023 14:00:12
2552,2.82,2.64,19.72,30.47,3330.23,23336.52,4415404,2.82,2.64,19.72,30.47,0,0,7154169,lqgz,11/6/2023 15:00:00
2553,2.84,2.66,19.78,30.74,2825.23,26467.06,4418534,2.84,2.66,19.78,30.74,0,0,7154169,lqgz,11/6/2023 16:00:33
2554,2.86,2.68,19.38,28.91,3474.03,29676.24,4421744,2.86,2.68,19.38,28.91,0,0,7154169,lqgz,11/6/2023 17:00:47
2555,2.86,2.68,19.11,28.38,2859.54,32284.63,4424352,2.86,2.68,19.11,28.38,0,0,7154169,lqgz,11/6/2023 18:00:14
2556,2.86,2.69,18.77,26.55,3047.86,35132.56,4427200,2.86,2.69,18.77,26.55,0,0,7154169,lqgz,11/6/2023 19:00:07
2557,2.85,2.68,18.48,25.01,2838.1,38094.3,4430162,2.85,2.68,18.48,25.01,0,0,7154169,lqgz,11/6/2023 20:00:00
2558,2.84,2.68,18.29,24.06,2923.65,40946,4433013,2.84,2.68,18.29,24.06,0,0,7154169,lqgz,11/6/2023 21:00:05
2559,2.84,2.68,18.23,23.75,2773.62,43792.21,4435859,2.84,2.68,18.23,23.75,0,0,7154169,lqgz,11/6/2023 22:00:15
2560,2.86,2.7,18.34,23.86,3272.92,47092.19,4439160,2.86,2.7,18.34,23.86,0,0,7154169,lqgz,11/6/2023 23:00:15
2561,2.9,2.73,18.48,24.36,2491.74,49978.39,4442046,2.9,2.73,18.48,24.36,0,0,7154169,lqgz,12/6/2023 00:00:07
2562,2.94,2.76,19.44,25.27,0,51997.71,4444064,2.94,2.76,19.44,25.27,0,0,7154169,lqgz,12/6/2023 01:00:00
2563,2.89,2.75,21.29,29.27,0,51997.71,4444064,2.89,2.75,21.29,29.27,0,0,7154169,lqgz,12/6/2023 02:00:16
2564,2.87,2.75,19.94,25.58,0,51997.71,4444064,2.87,2.75,19.94,25.58,0,0,7154169,lqgz,12/6/2023 03:00:12
2565,2.87,2.75,19.99,25.9,0,51997.71,4444064,2.87,2.75,19.99,25.9,0,0,7154169,lqgz,12/6/2023 04:00:23
2566,2.87,2.74,20.11,26.01,0,51997.71,4444064,2.87,2.74,20.11,26.01,0,0,7154169,lqgz,12/6/2023 05:00:01
2567,2.74,2.72,18.99,26.69,0,51997.71,4444064,2.74,2.72,18.99,26.69,0,0,7154169,lqgz,12/6/2023 06:00:16
2568,2.88,2.68,19.1,29.23,0,51997.71,4444064,2.88,2.68,19.1,29.23,0,0,7154169,lqgz,12/6/2023 07:00:14
2569,2.92,2.64,21.98,35.72,0,51997.71,4444064,2.92,2.64,21.98,35.72,0,0,7154169,lqgz,12/6/2023 08:00:00
2570,2.87,2.6,20.14,32.09,2808.57,383.03,4444448,2.87,2.6,20.14,32.09,0,0,7154169,lqgz,12/6/2023 09:00:31
2571,2.87,2.61,19.56,29.29,2843.07,3224.28,4447289,2.87,2.61,19.56,29.29,0,0,7154169,lqgz,12/6/2023 10:00:23
2572,2.86,2.6,19.66,29.92,2760.41,6006.24,4450071,2.86,2.6,19.66,29.92,0,0,7154169,lqgz,12/6/2023 11:00:10
2573,2.77,2.58,19.21,29.79,2158.89,8723.13,4452787,2.77,2.58,19.21,29.79,0,0,7154169,lqgz,12/6/2023 12:00:23
2574,2.77,2.57,19.38,29.07,3873.75,12165.59,4456231,2.77,2.57,19.38,29.07,0,0,7154169,lqgz,12/6/2023 13:00:13
2575,2.81,2.61,19.79,30.39,3704.12,16018.33,4460082,2.81,2.61,19.79,30.39,0,0,7154169,lqgz,12/6/2023 14:00:44
2576,2.84,2.64,19.93,31.08,3376.46,19538.85,4463604,2.84,2.64,19.93,31.08,0,0,7154169,lqgz,12/6/2023 15:00:00
2577,2.86,2.67,19.73,30.47,3141.16,22829.12,4466894,2.86,2.67,19.73,30.47,0,0,7154169,lqgz,12/6/2023 16:00:44
2578,2.88,2.69,19.48,29.21,2968.44,25888.6,4469954,2.88,2.69,19.48,29.21,0,0,7154169,lqgz,12/6/2023 17:00:00
2579,2.88,2.7,19.02,27.69,2505.25,28360.95,4472426,2.88,2.7,19.02,27.69,0,0,7154169,lqgz,12/6/2023 18:00:01
2580,2.86,2.68,18.66,25.69,2872.71,30841.8,4474907,2.86,2.68,18.66,25.69,0,0,7154169,lqgz,12/6/2023 19:00:11
2581,2.84,2.66,18.48,24.77,2839.66,33702.44,4477767,2.84,2.66,18.48,24.77,0,0,7154169,lqgz,12/6/2023 20:00:12
2582,2.83,2.66,18.37,24.25,3097.64,36740.5,4480806,2.83,2.66,18.37,24.25,0,0,7154169,lqgz,12/6/2023 21:00:10
2583,2.83,2.66,18.4,24.34,2929.23,39739.39,4483804,2.83,2.66,18.4,24.34,0,0,7154169,lqgz,12/6/2023 22:00:11
2584,2.84,2.67,18.38,24.1,3587.5,42666.95,4486732,2.84,2.67,18.38,24.1,0,0,7154169,lqgz,12/6/2023 23:00:17
2585,2.88,2.71,18.44,24.06,2982.88,45988.43,4490053,2.88,2.71,18.44,24.06,0,0,7154169,lqgz,13/6/2023 00:00:00
2586,2.92,2.75,18.52,24.29,2344.51,48642.54,4492707,2.92,2.75,18.52,24.29,0,0,7154169,lqgz,13/6/2023 01:00:10
2587,2.95,2.79,18.65,24.88,1819.23,50687.81,4494753,2.95,2.79,18.65,24.88,0,0,7154169,lqgz,13/6/2023 02:00:00
2588,2.96,2.79,20.61,27.1,0,51353.61,4495418,2.96,2.79,20.61,27.1,0,0,7154169,lqgz,13/6/2023 03:00:00
2589,2.96,2.79,21.18,28.17,0,51353.61,4495418,2.96,2.79,21.18,28.17,0,0,7154169,lqgz,13/6/2023 04:00:11
2590,2.95,2.78,21.25,28.29,0,51384.26,4495448,2.95,2.78,21.25,28.29,0,0,7154169,lqgz,13/6/2023 05:00:11
2591,2.91,2.75,20.95,25.57,689.05,52145.84,4496210,2.91,2.75,20.95,25.57,0,0,7154169,lqgz,13/6/2023 06:00:15
2592,2.91,2.74,18.71,25.14,1668.78,53774.71,4497839,2.91,2.74,18.71,25.14,0,0,7154169,lqgz,13/6/2023 07:00:00
2593,2.94,2.72,19.41,26.65,0,55024.71,4499089,2.94,2.72,19.41,26.65,0,0,7154169,lqgz,13/6/2023 08:00:11
2594,2.89,2.72,19.02,26.68,2454.59,2335.09,4501425,2.89,2.72,19.02,26.68,0,0,7154169,lqgz,13/6/2023 09:00:02
2595,2.88,2.71,19.59,29.47,2408.45,4800.67,4503889,2.88,2.71,19.59,29.47,0,0,7154169,lqgz,13/6/2023 10:00:10
2596,2.94,0,28.84,0,0,0,0,2.94,0,28.84,0,0,0,0,lqgz,13/6/2023 11:00:10
2597,2.87,0,20.26,0,0,0,0,2.87,0,20.26,0,0,0,0,lqgz,13/6/2023 12:00:05
2598,2.84,2.55,20.12,32.51,2793.06,7570.08,4506657,2.84,2.55,20.12,32.51,0,0,7154169,lqgz,13/6/2023 13:00:01
2599,2.87,2.57,20.15,31.71,2838.85,10385.45,4509475,2.87,2.57,20.15,31.71,0,0,7154169,lqgz,13/6/2023 14:00:30
2600,2.9,2.6,20.69,29.02,2816.66,13098.92,4512189,2.9,2.6,20.69,29.02,0,0,7154169,lqgz,13/6/2023 15:00:13
2601,2.99,2.6,23.31,29.02,2816.66,13098.92,4512189,2.99,2.6,23.31,29.02,0,0,7154169,lqgz,13/6/2023 16:00:00
2602,2.91,2.53,20.09,30.7,3646.05,13374.61,4512465,2.91,2.53,20.09,30.7,0,0,7154169,lqgz,13/6/2023 17:00:16
2603,2.75,2.58,18.44,24.61,3807.3,17486.17,4516576,2.75,2.58,18.44,24.61,0,0,7154169,lqgz,13/6/2023 18:00:10
2604,2.75,2.58,18.24,23.68,3862.28,21640.92,4520731,2.75,2.58,18.24,23.68,0,0,7154169,lqgz,13/6/2023 19:00:07
2605,2.76,2.59,18.19,23.35,4134.03,25487.04,4524577,2.76,2.59,18.19,23.35,0,0,7154169,lqgz,13/6/2023 20:00:16
2606,2.78,2.61,18.09,22.77,4303.68,29901.96,4528992,2.78,2.61,18.09,22.77,0,0,7154169,lqgz,13/6/2023 21:00:16
2607,2.79,2.63,18.07,22.72,3349.56,33964.18,4533052,2.79,2.63,18.07,22.72,0,0,7154169,lqgz,13/6/2023 22:00:01
2608,2.81,2.65,18.09,22.8,3072.85,37192.42,4536282,2.81,2.65,18.09,22.8,0,0,7154169,lqgz,13/6/2023 23:00:12
2609,2.83,2.68,18.39,23.07,0,39953.73,4539043,2.83,2.68,18.39,23.07,0,0,7154169,lqgz,14/6/2023 00:00:12
2610,2.77,2.68,18.8,24.28,0,39953.73,4539043,2.77,2.68,18.8,24.28,0,0,7154169,lqgz,14/6/2023 01:00:00
2611,2.71,2.68,18.92,24.61,0,39953.73,4539043,2.71,2.68,18.92,24.61,0,0,7154169,lqgz,14/6/2023 02:00:43
2612,2.69,2.68,19.14,24.72,0,39953.73,4539043,2.69,2.68,19.14,24.72,0,0,7154169,lqgz,14/6/2023 03:00:03
2613,2.69,2.68,19.16,24.78,0,39953.73,4539043,2.69,2.68,19.16,24.78,0,0,7154169,lqgz,14/6/2023 04:00:11
2614,2.69,2.68,19.26,24.95,0,39953.73,4539043,2.69,2.68,19.26,24.95,0,0,7154169,lqgz,14/6/2023 05:00:14
2615,2.96,2.63,19.2,25.3,0,39953.73,4539043,2.96,2.63,19.2,25.3,0,0,7154169,lqgz,14/6/2023 06:00:13
2616,2.97,2.58,20.21,31.19,0,39953.73,4539043,2.97,2.58,20.21,31.19,0,0,7154169,lqgz,14/6/2023 07:00:11
2617,2.95,2.53,23.33,39.59,0,39953.73,4539043,2.95,2.53,23.33,39.59,0,0,7154169,lqgz,14/6/2023 08:00:15
2618,2.77,2.58,19.08,27.41,4060.98,5392.22,4544434,2.77,2.58,19.08,27.41,0,0,7154169,lqgz,14/6/2023 09:00:34
2619,2.75,2.58,25.38,36.03,0,8278.37,4547321,2.75,2.58,25.38,36.03,0,0,7154169,lqgz,14/6/2023 10:00:26
2620,2.66,2.5,29.56,29.99,1092.45,9319.23,4548362,2.66,2.5,29.56,29.99,0,0,7154169,lqgz,14/6/2023 11:00:01
2621,2.65,2.43,30.13,44.52,1092.45,9319.23,4548362,2.65,2.43,30.13,44.52,0,0,7154169,lqgz,14/6/2023 12:00:00
2622,2.65,2.43,30.13,30.36,1092.45,9319.23,4548362,2.65,2.43,30.13,30.36,0,0,7154169,lqgz,14/6/2023 13:00:18
2623,2.65,2.48,30.13,30.1,1092.45,9319.23,4548362,2.65,2.48,30.13,30.1,0,0,7154169,lqgz,14/6/2023 14:00:07
2624,2.65,2.54,30.13,31,1092.45,9319.23,4548362,2.65,2.54,30.13,31,0,0,7154169,lqgz,14/6/2023 15:00:00
2625,2.65,2.59,30.13,30.79,1092.45,9319.23,4548362,2.65,2.59,30.13,30.79,0,0,7154169,lqgz,14/6/2023 16:00:10
2626,2.8,2.62,19.71,30.49,1092.45,9319.23,4548362,2.8,2.62,19.71,30.49,0,0,7154169,lqgz,14/6/2023 17:00:00
2627,2.81,2.63,19.23,28.6,1092.45,9319.23,4548362,2.81,2.63,19.23,28.6,0,0,7154169,lqgz,14/6/2023 18:00:11
2628,2.81,2.63,18.75,26.06,1092.45,9319.23,4548362,2.81,2.63,18.75,26.06,0,0,7154169,lqgz,14/6/2023 19:00:16
2629,2.8,2.62,18.45,24.59,1092.45,9319.23,4548362,2.8,2.62,18.45,24.59,0,0,7154169,lqgz,14/6/2023 20:00:11
2630,2.8,2.63,18.46,24.28,1092.45,9319.23,4548362,2.8,2.63,18.46,24.28,0,0,7154169,lqgz,14/6/2023 21:00:19
2631,2.8,2.61,20.51,26.23,1092.45,9319.23,4548362,2.8,2.61,20.51,26.23,0,0,7154169,lqgz,14/6/2023 22:00:14
2632,2.8,2.57,21.06,28.93,1092.45,9319.23,4548362,2.8,2.57,21.06,28.93,0,0,7154169,lqgz,14/6/2023 23:00:23
2633,2.8,2.55,21.22,29.69,1092.45,9319.23,4548362,2.8,2.55,21.22,29.69,0,0,7154169,lqgz,15/6/2023 00:00:00
2634,2.8,2.54,21.06,29.81,1092.45,9319.23,4548362,2.8,2.54,21.06,29.81,0,0,7154169,lqgz,15/6/2023 01:00:11
2635,2.8,2.54,20.69,29.45,1092.45,9319.23,4548362,2.8,2.54,20.69,29.45,0,0,7154169,lqgz,15/6/2023 02:00:10
2636,2.8,2.54,20.39,29.16,1092.45,9319.23,4548362,2.8,2.54,20.39,29.16,0,0,7154169,lqgz,15/6/2023 03:00:00
2637,2.8,2.54,20.21,28.83,1092.45,9319.23,4548362,2.8,2.54,20.21,28.83,0,0,7154169,lqgz,15/6/2023 04:00:17
2638,2.8,2.54,20.03,28.54,1092.45,9319.23,4548362,2.8,2.54,20.03,28.54,0,0,7154169,lqgz,15/6/2023 05:00:33
2639,2.8,2.5,19.13,28.55,1092.45,9319.23,4548362,2.8,2.5,19.13,28.55,0,0,7154169,lqgz,15/6/2023 06:00:00
2640,2.8,2.45,20.38,34.54,1092.45,9319.23,4548362,2.8,2.45,20.38,34.54,0,0,7154169,lqgz,15/6/2023 07:00:27
2641,2.8,2.4,23.8,41.59,1092.45,9319.23,4548362,2.8,2.4,23.8,41.59,0,0,7154169,lqgz,15/6/2023 08:00:15
2642,2.8,2.42,19.23,26.98,1092.45,9319.23,4548362,2.8,2.42,19.23,26.98,0,0,7154169,lqgz,15/6/2023 09:00:00
2643,2.8,2.44,19.65,28.86,1092.45,9319.23,4548362,2.8,2.44,19.65,28.86,0,0,7154169,lqgz,15/6/2023 10:00:00
2644,2.8,2.48,19.08,27.79,1092.45,9319.23,4548362,2.8,2.48,19.08,27.79,0,0,7154169,lqgz,15/6/2023 11:00:00
2645,2.8,2.46,19.3,29.34,1092.45,9319.23,4548362,2.8,2.46,19.3,29.34,0,0,7154169,lqgz,15/6/2023 12:00:15
2646,2.8,2.46,19.59,29.7,1092.45,9319.23,4548362,2.8,2.46,19.59,29.7,0,0,7154169,lqgz,15/6/2023 13:00:12
2647,2.8,2.51,19.84,30.28,1092.45,9319.23,4548362,2.8,2.51,19.84,30.28,0,0,7154169,lqgz,15/6/2023 14:00:00
2648,2.8,2.57,20,31.12,1092.45,9319.23,4548362,2.8,2.57,20,31.12,0,0,7154169,lqgz,15/6/2023 15:00:11
2649,2.8,2.59,20.05,31.58,1092.45,9319.23,4548362,2.8,2.59,20.05,31.58,0,0,7154169,lqgz,15/6/2023 16:00:01
2650,2.8,2.62,19.9,30.84,1092.45,9319.23,4548362,2.8,2.62,19.9,30.84,0,0,7154169,lqgz,15/6/2023 17:00:13
2651,2.8,2.62,19.24,28.94,1092.45,9319.23,4548362,2.8,2.62,19.24,28.94,0,0,7154169,lqgz,15/6/2023 18:00:00
2652,2.8,2.63,18.89,26.8,1092.45,9319.23,4548362,2.8,2.63,18.89,26.8,0,0,7154169,lqgz,15/6/2023 19:00:00
2653,2.87,2.61,20.2,28.05,1092.45,9319.23,4548362,2.87,2.61,20.2,28.05,0,0,7154169,lqgz,15/6/2023 20:00:13
2654,2.95,2.55,20.97,31.34,1092.45,9319.23,4548362,2.95,2.55,20.97,31.34,0,0,7154169,lqgz,15/6/2023 21:00:00
2655,2.8,2.49,20.56,32.27,1092.45,9319.23,4548362,2.8,2.49,20.56,32.27,0,0,7154169,lqgz,15/6/2023 22:00:11
2656,2.65,2.45,20.17,32.37,1092.45,9319.23,4548362,2.65,2.45,20.17,32.37,0,0,7154169,lqgz,15/6/2023 23:00:01
2657,2.58,2.43,21.16,31.98,1092.45,9319.23,4548362,2.58,2.43,21.16,31.98,0,0,7154169,lqgz,16/6/2023 00:00:35
2658,2.89,2.43,21.88,31.78,1092.45,9319.23,4548362,2.89,2.43,21.88,31.78,0,0,7154169,lqgz,16/6/2023 01:00:14
2659,2.85,2.43,21.45,31.28,1092.45,9319.23,4548362,2.85,2.43,21.45,31.28,0,0,7154169,lqgz,16/6/2023 02:00:05
2660,2.85,2.42,21.69,30.89,1092.45,9319.23,4548362,2.85,2.42,21.69,30.89,0,0,7154169,lqgz,16/6/2023 03:00:11
2661,2.85,2.41,21.84,30.59,1092.45,9319.23,4548362,2.85,2.41,21.84,30.59,0,0,7154169,lqgz,16/6/2023 04:00:14
2662,2.85,2.4,21.92,30.55,1092.45,9319.23,4548362,2.85,2.4,21.92,30.55,0,0,7154169,lqgz,16/6/2023 05:00:04
2663,2.7,2.38,19.83,30.77,1092.45,9319.23,4548362,2.7,2.38,19.83,30.77,0,0,7154169,lqgz,16/6/2023 06:00:14
2664,2.96,2.34,21.18,31.94,1092.45,9319.23,4548362,2.96,2.34,21.18,31.94,0,0,7154169,lqgz,16/6/2023 07:00:30
2665,2.82,2.3,22.01,33.73,1092.45,9319.23,4548362,2.82,2.3,22.01,33.73,0,0,7154169,lqgz,16/6/2023 08:00:00
2666,2.63,2.39,18.46,23.79,1092.45,9319.23,4548362,2.63,2.39,18.46,23.79,0,0,7154169,lqgz,16/6/2023 09:00:18
2667,2.67,2.44,18.74,25.05,1092.45,9319.23,4548362,2.67,2.44,18.74,25.05,0,0,7154169,lqgz,16/6/2023 10:00:12
2668,2.64,2.47,19.14,27.8,1092.45,9319.23,4548362,2.64,2.47,19.14,27.8,0,0,7154169,lqgz,16/6/2023 11:00:16
2669,2.55,2.39,23,29.63,1092.45,9319.23,4548362,2.55,2.39,23,29.63,0,0,7154169,lqgz,16/6/2023 12:00:00
2670,2.6,2.4,18.97,26.61,1092.45,9319.23,4548362,2.6,2.4,18.97,26.61,0,0,7154169,lqgz,16/6/2023 13:00:10
2671,2.66,2.46,19.05,26.65,1092.45,9319.23,4548362,2.66,2.46,19.05,26.65,0,0,7154169,lqgz,16/6/2023 14:00:01
2672,2.72,2.53,19.16,27.23,1092.45,9319.23,4548362,2.72,2.53,19.16,27.23,0,0,7154169,lqgz,16/6/2023 15:00:17
2673,2.78,2.58,19.19,26.97,1092.45,9319.23,4548362,2.78,2.58,19.19,26.97,0,0,7154169,lqgz,16/6/2023 16:00:19
2674,2.8,2.6,18.94,26.32,1092.45,9319.23,4548362,2.8,2.6,18.94,26.32,0,0,7154169,lqgz,16/6/2023 17:00:27
2675,2.93,2.64,18.57,24,1092.45,9319.23,4548362,2.93,2.64,18.57,24,0,0,7154169,lqgz,16/6/2023 18:00:02
2676,3.15,2.63,19.47,27.59,1092.45,9319.23,4548362,3.15,2.63,19.47,27.59,0,0,7154169,lqgz,16/6/2023 19:00:00
2677,3.3,2.56,21.37,31.07,1092.45,9319.23,4548362,3.3,2.56,21.37,31.07,0,0,7154169,lqgz,16/6/2023 20:00:01
2678,3.3,2.51,21.42,30.61,1092.45,9319.23,4548362,3.3,2.51,21.42,30.61,0,0,7154169,lqgz,16/6/2023 21:00:00
2679,3.27,2.45,20.92,29.95,1092.45,9319.23,4548362,3.27,2.45,20.92,29.95,0,0,7154169,lqgz,16/6/2023 22:00:08
2680,3.16,2.42,20.59,30.15,1092.45,9319.23,4548362,3.16,2.42,20.59,30.15,0,0,7154169,lqgz,16/6/2023 23:00:00
2681,3.07,2.4,20.85,29.61,1092.45,9319.23,4548362,3.07,2.4,20.85,29.61,0,0,7154169,lqgz,17/6/2023 00:00:01
2682,3.02,2.4,20.9,29.54,1092.45,9319.23,4548362,3.02,2.4,20.9,29.54,0,0,7154169,lqgz,17/6/2023 01:00:00
2683,2.97,2.39,20.95,29.68,1092.45,9319.23,4548362,2.97,2.39,20.95,29.68,0,0,7154169,lqgz,17/6/2023 02:00:00
2684,2.92,2.39,21.05,29.18,1092.45,9319.23,4548362,2.92,2.39,21.05,29.18,0,0,7154169,lqgz,17/6/2023 03:00:00
2685,2.89,2.39,20.97,28.95,1092.45,9319.23,4548362,2.89,2.39,20.97,28.95,0,0,7154169,lqgz,17/6/2023 04:00:10
2686,3.26,2.38,21.27,28.76,1092.45,9319.23,4548362,3.26,2.38,21.27,28.76,0,0,7154169,lqgz,17/6/2023 05:00:05
2687,3.21,2.35,21.03,29.01,1092.45,9319.23,4548362,3.21,2.35,21.03,29.01,0,0,7154169,lqgz,17/6/2023 06:00:11
2688,3.22,2.32,21.15,28.68,1092.45,9319.23,4548362,3.22,2.32,21.15,28.68,0,0,7154169,lqgz,17/6/2023 07:00:16
2689,3.26,2.28,19.53,28.76,1092.45,9319.23,4548362,3.26,2.28,19.53,28.76,0,0,7154169,lqgz,17/6/2023 08:00:07
2690,2.96,2.34,18.46,21.32,1092.45,9319.23,4548362,2.96,2.34,18.46,21.32,0,0,7154169,lqgz,17/6/2023 09:00:04
2691,3.08,2.42,18.22,20.31,1092.45,9319.23,4548362,3.08,2.42,18.22,20.31,0,0,7154169,lqgz,17/6/2023 10:00:10
2692,3.06,2.51,18.09,20.61,1092.45,9319.23,4548362,3.06,2.51,18.09,20.61,0,0,7154169,lqgz,17/6/2023 11:00:00
2693,3.03,2.56,18.22,11.2,1092.45,9319.23,4548362,3.03,2.56,18.22,11.2,0,0,7154169,lqgz,17/6/2023 12:00:19
2694,3.09,2.59,18.41,11.91,1092.45,9319.23,4548362,3.09,2.59,18.41,11.91,0,0,7154169,lqgz,17/6/2023 13:00:06
2695,3.15,2.67,18.45,12.26,1092.45,9319.23,4548362,3.15,2.67,18.45,12.26,0,0,7154169,lqgz,17/6/2023 14:00:00
2696,3.23,2.76,18.93,13.76,1092.45,9319.23,4548362,3.23,2.76,18.93,13.76,0,0,7154169,lqgz,17/6/2023 15:00:00
2697,3.25,2.97,18.46,12.65,1092.45,9319.23,4548362,3.25,2.97,18.46,12.65,0,0,7154169,lqgz,17/6/2023 16:00:00
2698,3.42,-1.58,20.78,-97.5,1092.45,9319.23,4548362,3.42,-1.58,20.78,-97.5,0,0,7154169,lqgz,17/6/2023 17:00:00
2699,3.4,-1.58,19.23,-97.5,1092.45,9319.23,4548362,3.4,-1.58,19.23,-97.5,0,0,7154169,lqgz,17/6/2023 18:00:00
2700,3.39,-1.57,18.85,-97.5,1092.45,9319.23,4548362,3.39,-1.57,18.85,-97.5,0,0,7154169,lqgz,17/6/2023 19:00:00
2701,3.39,-1.57,18.91,-97.5,1092.45,9319.23,4548362,3.39,-1.57,18.91,-97.5,0,0,7154169,lqgz,17/6/2023 20:00:17
2702,3.42,-1.57,20,-97.5,1092.45,9319.23,4548362,3.42,-1.57,20,-97.5,0,0,7154169,lqgz,17/6/2023 21:00:10
2703,3.34,-1.57,20.02,-97.5,1092.45,9319.23,4548362,3.34,-1.57,20.02,-97.5,0,0,7154169,lqgz,17/6/2023 22:00:00
2704,3.21,-1.57,19.66,-97.5,1092.45,9319.23,4548362,3.21,-1.57,19.66,-97.5,0,0,7154169,lqgz,17/6/2023 23:00:20
2705,3.15,-1.57,20.35,-97.5,1092.45,9319.23,4548362,3.15,-1.57,20.35,-97.5,0,0,7154169,lqgz,18/6/2023 00:00:11
2706,3.09,-1.57,20.52,-97.5,1092.45,9319.23,4548362,3.09,-1.57,20.52,-97.5,0,0,7154169,lqgz,18/6/2023 01:00:03
2707,3.04,-1.57,20.45,-97.5,1092.45,9319.23,4548362,3.04,-1.57,20.45,-97.5,0,0,7154169,lqgz,18/6/2023 02:00:23
2708,2.98,-1.57,20.35,-97.5,1092.45,9319.23,4548362,2.98,-1.57,20.35,-97.5,0,0,7154169,lqgz,18/6/2023 03:00:00
2709,2.93,-1.57,20.42,-97.5,1092.45,9319.23,4548362,2.93,-1.57,20.42,-97.5,0,0,7154169,lqgz,18/6/2023 04:00:14
2710,3.35,-1.57,21.13,-97.5,1092.45,9319.23,4548362,3.35,-1.57,21.13,-97.5,0,0,7154169,lqgz,18/6/2023 05:00:03
2711,3.4,-1.57,20.53,-97.5,1092.45,9319.23,4548362,3.4,-1.57,20.53,-97.5,0,0,7154169,lqgz,18/6/2023 06:00:04
2712,3.37,-1.57,19.83,-97.5,1092.45,9319.23,4548362,3.37,-1.57,19.83,-97.5,0,0,7154169,lqgz,18/6/2023 07:00:13
2713,3.39,-1.57,20.18,-97.5,1092.45,9319.23,4548362,3.39,-1.57,20.18,-97.5,0,0,7154169,lqgz,18/6/2023 08:00:27
2714,2.86,-1.57,18.33,-97.5,1092.45,9319.23,4548362,2.86,-1.57,18.33,-97.5,0,0,7154169,lqgz,18/6/2023 09:00:03
2715,3.06,-1.57,18.34,-97.5,1092.45,9319.23,4548362,3.06,-1.57,18.34,-97.5,0,0,7154169,lqgz,18/6/2023 10:00:00
2716,3.05,-1.57,18.22,-97.5,1092.45,9319.23,4548362,3.05,-1.57,18.22,-97.5,0,0,7154169,lqgz,18/6/2023 11:00:09
2717,3.07,-1.57,18.36,-97.5,1092.45,9319.23,4548362,3.07,-1.57,18.36,-97.5,0,0,7154169,lqgz,18/6/2023 12:00:00
2718,3.14,-1.57,18.74,-97.5,1092.45,9319.23,4548362,3.14,-1.57,18.74,-97.5,0,0,7154169,lqgz,18/6/2023 13:00:00
2719,3.17,-1.57,18.53,-97.5,1092.45,9319.23,4548362,3.17,-1.57,18.53,-97.5,0,0,7154169,lqgz,18/6/2023 14:00:00
2720,3.22,-1.57,18.74,-97.5,1092.45,9319.23,4548362,3.22,-1.57,18.74,-97.5,0,0,7154169,lqgz,18/6/2023 15:00:13
2721,3.4,-1.57,22.55,-97.5,1092.45,9319.23,4548362,3.4,-1.57,22.55,-97.5,0,0,7154169,lqgz,18/6/2023 16:00:24
2722,3.37,-1.57,22.36,-97.5,1092.45,9319.23,4548362,3.37,-1.57,22.36,-97.5,0,0,7154169,lqgz,18/6/2023 17:00:26
2723,3.2,-1.57,19.79,-97.5,1092.45,9319.23,4548362,3.2,-1.57,19.79,-97.5,0,0,7154169,lqgz,18/6/2023 18:00:03
2724,2.99,-1.57,19.13,-97.5,1092.45,9319.23,4548362,2.99,-1.57,19.13,-97.5,0,0,7154169,lqgz,18/6/2023 19:00:04
2725,3.37,-1.57,20.62,-97.5,1092.45,9319.23,4548362,3.37,-1.57,20.62,-97.5,0,0,7154169,lqgz,18/6/2023 20:00:10
2726,3.4,-1.57,20.7,-97.5,1092.45,9319.23,4548362,3.4,-1.57,20.7,-97.5,0,0,7154169,lqgz,18/6/2023 21:00:07
2727,3.39,-1.57,20.64,-97.5,1092.45,9319.23,4548362,3.39,-1.57,20.64,-97.5,0,0,7154169,lqgz,18/6/2023 22:00:04
2728,3.4,-1.57,21.29,-97.5,1092.45,9319.23,4548362,3.4,-1.57,21.29,-97.5,0,0,7154169,lqgz,18/6/2023 23:00:17
2729,3.34,-1.57,21.24,-97.5,1092.45,9319.23,4548362,3.34,-1.57,21.24,-97.5,0,0,7154169,lqgz,19/6/2023 00:00:14
2730,3.27,-1.57,21.24,-97.5,1092.45,9319.23,4548362,3.27,-1.57,21.24,-97.5,0,0,7154169,lqgz,19/6/2023 01:00:00
2731,3.23,-1.57,21.25,-97.5,1092.45,9319.23,4548362,3.23,-1.57,21.25,-97.5,0,0,7154169,lqgz,19/6/2023 02:00:17
2732,3.18,-1.57,21.24,-97.5,1092.45,9319.23,4548362,3.18,-1.57,21.24,-97.5,0,0,7154169,lqgz,19/6/2023 03:00:33
2733,3.14,-1.57,21.19,-97.5,1092.45,9319.23,4548362,3.14,-1.57,21.19,-97.5,0,0,7154169,lqgz,19/6/2023 04:00:13
2734,3.1,-1.57,21.16,-97.5,1092.45,9319.23,4548362,3.1,-1.57,21.16,-97.5,0,0,7154169,lqgz,19/6/2023 05:00:17
2735,3.05,-1.57,21.11,-97.5,1092.45,9319.23,4548362,3.05,-1.57,21.11,-97.5,0,0,7154169,lqgz,19/6/2023 06:00:24
2736,3.26,-1.57,21.26,-97.5,1092.45,9319.23,4548362,3.26,-1.57,21.26,-97.5,0,0,7154169,lqgz,19/6/2023 07:00:00
2737,3.34,-1.57,21.4,-97.5,1092.45,9319.23,4548362,3.34,-1.57,21.4,-97.5,0,0,7154169,lqgz,19/6/2023 08:00:00
2738,3.4,-1.57,22.28,-97.5,1092.45,9319.23,4548362,3.4,-1.57,22.28,-97.5,0,0,7154169,lqgz,19/6/2023 09:00:00
2739,3.15,-1.57,18.26,-97.5,1092.45,9319.23,4548362,3.15,-1.57,18.26,-97.5,0,0,7154169,lqgz,19/6/2023 10:00:04
2740,3.03,0,18.5,0,0,0,0,3.03,0,18.5,0,0,0,0,lqgz,19/6/2023 11:00:06
2741,2.96,0,18.46,0,0,0,0,2.96,0,18.46,0,0,0,0,lqgz,19/6/2023 12:00:03
2742,3.07,0,18.76,0,0,0,0,3.07,0,18.76,0,0,0,0,lqgz,19/6/2023 13:00:37
2743,3.13,0,18.87,0,0,0,0,3.13,0,18.87,0,0,0,0,lqgz,19/6/2023 14:00:18
2744,3.18,0,18.82,0,0,0,0,3.18,0,18.82,0,0,0,0,lqgz,19/6/2023 15:00:00
2745,3.22,0,18.97,0,0,0,0,3.22,0,18.97,0,0,0,0,lqgz,19/6/2023 16:00:28
2746,3.26,0,19.3,0,0,0,0,3.26,0,19.3,0,0,0,0,lqgz,28/6/2023 12:00:10
2747,3.34,0,19.44,0,0,0,0,3.34,0,19.44,0,0,0,0,lqgz,28/6/2023 13:00:15
2748,3.36,0,19.58,0,0,0,0,3.36,0,19.58,0,0,0,0,lqgz,28/6/2023 14:00:15
2749,3.41,0,19.62,0,0,0,0,3.41,0,19.62,0,0,0,0,lqgz,28/6/2023 15:00:10
2750,3.42,0,19.72,0,0,0,0,3.42,0,19.72,0,0,0,0,lqgz,28/6/2023 16:00:24
2751,3.44,0,19.74,0,0,0,0,3.44,0,19.74,0,0,0,0,lqgz,28/6/2023 17:00:05
2752,3.43,0,19.57,0,0,0,0,3.43,0,19.57,0,0,0,0,lqgz,28/6/2023 18:00:13
2753,3.44,0,19.5,0,0,0,0,3.44,0,19.5,0,0,0,0,lqgz,28/6/2023 19:00:14
2754,3.5,0,23.05,0,0,0,0,3.5,0,23.05,0,0,0,0,lqgz,28/6/2023 20:00:00
2755,3.51,0,23.97,0,0,0,0,3.51,0,23.97,0,0,0,0,lqgz,28/6/2023 21:00:13
2756,3.46,0,23.78,0,0,0,0,3.46,0,23.78,0,0,0,0,lqgz,28/6/2023 22:00:14
2757,3.36,0,23.69,0,0,0,0,3.36,0,23.69,0,0,0,0,lqgz,28/6/2023 23:00:12
2758,3.3,0,23.75,0,0,0,0,3.3,0,23.75,0,0,0,0,lqgz,29/6/2023 00:00:04
2759,3.24,0,23.81,0,0,0,0,3.24,0,23.81,0,0,0,0,lqgz,29/6/2023 01:00:03
2760,3.19,0,23.61,0,0,0,0,3.19,0,23.61,0,0,0,0,lqgz,29/6/2023 02:00:15
2761,3.14,0,23.31,0,0,0,0,3.14,0,23.31,0,0,0,0,lqgz,29/6/2023 03:00:13
2762,3.09,0,23.18,0,0,0,0,3.09,0,23.18,0,0,0,0,lqgz,29/6/2023 04:00:13
2763,3.46,0,23.87,0,0,0,0,3.46,0,23.87,0,0,0,0,lqgz,29/6/2023 05:00:14
2764,3.47,0,23.43,0,0,0,0,3.47,0,23.43,0,0,0,0,lqgz,29/6/2023 06:00:00
2765,3.36,0,22.71,0,0,0,0,3.36,0,22.71,0,0,0,0,lqgz,29/6/2023 07:00:00
2766,3.37,0,22.35,0,0,0,0,3.37,0,22.35,0,0,0,0,lqgz,29/6/2023 08:00:10
2767,3.38,0,18.93,0,0,0,0,3.38,0,18.93,0,0,0,0,lqgz,29/6/2023 09:00:03
2768,3.4,0,18.95,0,0,0,0,3.4,0,18.95,0,0,0,0,lqgz,29/6/2023 10:00:00
2769,3.42,0,18.86,0,0,0,0,3.42,0,18.86,0,0,0,0,lqgz,29/6/2023 11:00:00
2770,3.41,0,18.91,0,0,0,0,3.41,0,18.91,0,0,0,0,lqgz,29/6/2023 12:00:04
2771,3.48,0,19.11,0,0,0,0,3.48,0,19.11,0,0,0,0,lqgz,29/6/2023 13:00:00
2772,3.49,0,19.13,0,0,0,0,3.49,0,19.13,0,0,0,0,lqgz,29/6/2023 14:00:11
2773,3.51,0,19.14,0,0,0,0,3.51,0,19.14,0,0,0,0,lqgz,29/6/2023 15:00:15
2774,3.45,0,19.28,0,0,0,0,3.45,0,19.28,0,0,0,0,lqgz,29/6/2023 16:00:14
2775,3.44,0,20.14,0,0,0,0,3.44,0,20.14,0,0,0,0,lqgz,29/6/2023 17:00:03
2776,3.42,0,19.25,0,0,0,0,3.42,0,19.25,0,0,0,0,lqgz,29/6/2023 18:00:14
2777,3.43,0,19.1,0,0,0,0,3.43,0,19.1,0,0,0,0,lqgz,29/6/2023 19:00:15
2778,3.43,0,19.05,0,0,0,0,3.43,0,19.05,0,0,0,0,lqgz,29/6/2023 20:00:10
2779,3.46,0,19.49,0,0,0,0,3.46,0,19.49,0,0,0,0,lqgz,29/6/2023 21:00:18
2780,3.45,0,19.53,0,0,0,0,3.45,0,19.53,0,0,0,0,lqgz,29/6/2023 22:00:03
2781,3.44,0,19.5,0,0,0,0,3.44,0,19.5,0,0,0,0,lqgz,29/6/2023 23:00:05
2782,3.3,0,20.53,0,0,0,0,3.3,0,20.53,0,0,0,0,lqgz,30/6/2023 00:00:16
2783,3.43,0,19.59,0,0,0,0,3.43,0,19.59,0,0,0,0,lqgz,30/6/2023 01:00:14
2784,3.33,0,20.58,0,0,0,0,3.33,0,20.58,0,0,0,0,lqgz,30/6/2023 02:00:10
2785,3.32,0,20.72,0,0,0,0,3.32,0,20.72,0,0,0,0,lqgz,30/6/2023 03:00:15
2786,3.32,0,20.8,0,0,0,0,3.32,0,20.8,0,0,0,0,lqgz,30/6/2023 04:00:00
2787,3.49,0,19.77,0,0,0,0,3.49,0,19.77,0,0,0,0,lqgz,30/6/2023 05:00:04
2788,3.47,0,19.25,0,0,0,0,3.47,0,19.25,0,0,0,0,lqgz,30/6/2023 06:00:10
2789,3.39,0,19.26,0,0,0,0,3.39,0,19.26,0,0,0,0,lqgz,30/6/2023 07:00:00
2790,3.32,0,19.96,0,0,0,0,3.32,0,19.96,0,0,0,0,lqgz,30/6/2023 08:00:15
2791,3.47,0,22.75,0,0,0,0,3.47,0,22.75,0,0,0,0,lqgz,30/6/2023 09:00:13
2792,3.4,0,19.81,0,0,0,0,3.4,0,19.81,0,0,0,0,lqgz,30/6/2023 10:00:15
2793,3.4,0,19.63,0,0,0,0,3.4,0,19.63,0,0,0,0,lqgz,30/6/2023 11:00:13
2794,3.4,0,19.66,0,0,0,0,3.4,0,19.66,0,0,0,0,lqgz,30/6/2023 12:00:00
2795,3.42,0,19.82,0,0,0,0,3.42,0,19.82,0,0,0,0,lqgz,30/6/2023 13:00:34
2796,3.44,0,20.3,0,0,0,0,3.44,0,20.3,0,0,0,0,lqgz,30/6/2023 14:00:13
2797,3.46,0,23.76,0,0,0,0,3.46,0,23.76,0,0,0,0,lqgz,30/6/2023 15:00:14
2798,3.41,0,32.01,0,0,0,0,3.41,0,32.01,0,0,0,0,lqgz,30/6/2023 16:00:14
2799,3.39,0,28.56,0,0,0,0,3.39,0,28.56,0,0,0,0,lqgz,30/6/2023 17:00:00
2800,3.38,0,20.54,0,0,0,0,3.38,0,20.54,0,0,0,0,lqgz,30/6/2023 18:00:14
2801,3.43,0,19.24,0,0,0,0,3.43,0,19.24,0,0,0,0,lqgz,30/6/2023 19:00:14
2802,3.42,0,19.14,0,0,0,0,3.42,0,19.14,0,0,0,0,lqgz,30/6/2023 20:00:15
2803,3.45,0,19.06,0,0,0,0,3.45,0,19.06,0,0,0,0,lqgz,30/6/2023 21:00:17
2804,3.49,0,19.78,0,0,0,0,3.49,0,19.78,0,0,0,0,lqgz,30/6/2023 22:00:14
2805,3.49,0,20.11,0,0,0,0,3.49,0,20.11,0,0,0,0,lqgz,30/6/2023 23:00:14
2806,3.5,0,20.97,0,0,0,0,3.5,0,20.97,0,0,0,0,lqgz,1/7/2023 00:00:14
2807,3.45,0,20.99,0,0,0,0,3.45,0,20.99,0,0,0,0,lqgz,1/7/2023 01:00:11
2808,3.4,0,21.07,0,0,0,0,3.4,0,21.07,0,0,0,0,lqgz,1/7/2023 02:00:03
2809,3.4,0,21.35,0,0,0,0,3.4,0,21.35,0,0,0,0,lqgz,1/7/2023 03:00:04
2810,3.4,0,21.49,0,0,0,0,3.4,0,21.49,0,0,0,0,lqgz,1/7/2023 04:00:03
2811,3.4,0,21.47,0,0,0,0,3.4,0,21.47,0,0,0,0,lqgz,1/7/2023 05:00:14
2812,3.45,0,20.41,0,0,0,0,3.45,0,20.41,0,0,0,0,lqgz,1/7/2023 06:00:14
2813,3.35,0,21.59,0,0,0,0,3.35,0,21.59,0,0,0,0,lqgz,1/7/2023 07:00:15
2814,3.15,0,23.07,0,0,0,0,3.15,0,23.07,0,0,0,0,lqgz,1/7/2023 08:00:14
2815,3.42,0,19.64,0,0,0,0,3.42,0,19.64,0,0,0,0,lqgz,1/7/2023 09:00:00
2816,3.44,0,19.84,0,0,0,0,3.44,0,19.84,0,0,0,0,lqgz,1/7/2023 10:00:10
2817,3.42,0,20.14,0,0,0,0,3.42,0,20.14,0,0,0,0,lqgz,1/7/2023 11:00:24
2818,3.4,0,19.97,0,0,0,0,3.4,0,19.97,0,0,0,0,lqgz,1/7/2023 12:00:00
2819,3.42,0,20.14,0,0,0,0,3.42,0,20.14,0,0,0,0,lqgz,1/7/2023 13:00:00
2820,3.43,0,20.15,0,0,0,0,3.43,0,20.15,0,0,0,0,lqgz,1/7/2023 14:00:14
2821,3.45,0,20.26,0,0,0,0,3.45,0,20.26,0,0,0,0,lqgz,1/7/2023 15:00:15
2822,3.47,0,28.34,0,0,0,0,3.47,0,28.34,0,0,0,0,lqgz,1/7/2023 16:00:12
2823,3.4,0,29.86,0,0,0,0,3.4,0,29.86,0,0,0,0,lqgz,1/7/2023 17:00:12
2824,3.28,0,27.74,0,0,0,0,3.28,0,27.74,0,0,0,0,lqgz,1/7/2023 18:00:13
2825,3.1,0,25.05,0,0,0,0,3.1,0,25.05,0,0,0,0,lqgz,1/7/2023 19:00:12
2826,3.5,0,23.6,0,0,0,0,3.5,0,23.6,0,0,0,0,lqgz,1/7/2023 20:00:12
2827,3.43,0,23.48,0,0,0,0,3.43,0,23.48,0,0,0,0,lqgz,1/7/2023 21:00:10
2828,3.32,0,22.79,0,0,0,0,3.32,0,22.79,0,0,0,0,lqgz,1/7/2023 22:00:04
2829,3.17,0,21.51,0,0,0,0,3.17,0,21.51,0,0,0,0,lqgz,1/7/2023 23:00:00
2830,3.45,0,22.87,0,0,0,0,3.45,0,22.87,0,0,0,0,lqgz,2/7/2023 00:00:23
2831,3.4,0,23.08,0,0,0,0,3.4,0,23.08,0,0,0,0,lqgz,2/7/2023 01:00:00
2832,3.35,0,23.23,0,0,0,0,3.35,0,23.23,0,0,0,0,lqgz,2/7/2023 02:00:12
2833,3.3,0,23.43,0,0,0,0,3.3,0,23.43,0,0,0,0,lqgz,2/7/2023 03:00:13
2834,3.25,0,23.53,0,0,0,0,3.25,0,23.53,0,0,0,0,lqgz,2/7/2023 04:00:11
2835,3.19,0,23.57,0,0,0,0,3.19,0,23.57,0,0,0,0,lqgz,2/7/2023 05:00:10
2836,3.13,0,23.42,0,0,0,0,3.13,0,23.42,0,0,0,0,lqgz,2/7/2023 06:00:00
2837,3.49,0,24.23,0,0,0,0,3.49,0,24.23,0,0,0,0,lqgz,2/7/2023 07:00:15
2838,3.29,0,23.23,0,0,0,0,3.29,0,23.23,0,0,0,0,lqgz,2/7/2023 08:00:33
2839,3.3,0,19.33,0,0,0,0,3.3,0,19.33,0,0,0,0,lqgz,2/7/2023 09:00:00
2840,3.27,0,19.49,0,0,0,0,3.27,0,19.49,0,0,0,0,lqgz,2/7/2023 10:00:12
2841,3.1,0,19.99,0,0,0,0,3.1,0,19.99,0,0,0,0,lqgz,2/7/2023 11:00:11
2842,3.14,0,20.27,0,0,0,0,3.14,0,20.27,0,0,0,0,lqgz,2/7/2023 12:00:10
2843,3.4,0,19.23,0,0,0,0,3.4,0,19.23,0,0,0,0,lqgz,2/7/2023 13:00:14
2844,3.43,0,19.26,0,0,0,0,3.43,0,19.26,0,0,0,0,lqgz,2/7/2023 14:00:00
2845,3.51,0,21.83,0,0,0,0,3.51,0,21.83,0,0,0,0,lqgz,2/7/2023 15:00:00
2846,3.46,0,22.98,0,0,0,0,3.46,0,22.98,0,0,0,0,lqgz,2/7/2023 16:00:00
2847,3.49,0,23.29,0,0,0,0,3.49,0,23.29,0,0,0,0,lqgz,2/7/2023 17:00:26
2848,3.49,0,21.84,0,0,0,0,3.49,0,21.84,0,0,0,0,lqgz,2/7/2023 18:00:00
2849,3.49,0,21.54,0,0,0,0,3.49,0,21.54,0,0,0,0,lqgz,2/7/2023 19:00:16
2850,3.48,0,21.94,0,0,0,0,3.48,0,21.94,0,0,0,0,lqgz,2/7/2023 20:00:00
2851,3.5,0,22.45,0,0,0,0,3.5,0,22.45,0,0,0,0,lqgz,2/7/2023 21:00:12
2852,3.5,0,22.57,0,0,0,0,3.5,0,22.57,0,0,0,0,lqgz,2/7/2023 22:00:22
2853,3.49,0,22.84,0,0,0,0,3.49,0,22.84,0,0,0,0,lqgz,2/7/2023 23:00:00
2854,3.43,0,22.87,0,0,0,0,3.43,0,22.87,0,0,0,0,lqgz,3/7/2023 00:00:00
2855,3.38,0,22.94,0,0,0,0,3.38,0,22.94,0,0,0,0,lqgz,3/7/2023 01:00:18
2856,3.33,0,23.06,0,0,0,0,3.33,0,23.06,0,0,0,0,lqgz,3/7/2023 02:00:32
2857,3.32,0,23.29,0,0,0,0,3.32,0,23.29,0,0,0,0,lqgz,3/7/2023 03:00:11
2858,3.32,0,23.43,0,0,0,0,3.32,0,23.43,0,0,0,0,lqgz,3/7/2023 04:00:22
2859,3.32,0,23.53,0,0,0,0,3.32,0,23.53,0,0,0,0,lqgz,3/7/2023 05:00:11
2860,3.5,0,22.63,0,0,0,0,3.5,0,22.63,0,0,0,0,lqgz,3/7/2023 06:00:11
2861,3.5,0,22.74,0,0,0,0,3.5,0,22.74,0,0,0,0,lqgz,3/7/2023 07:00:15
2862,3.47,0,21.25,0,0,0,0,3.47,0,21.25,0,0,0,0,lqgz,3/7/2023 08:00:10
2863,3.31,0,18.95,0,0,0,0,3.31,0,18.95,0,0,0,0,lqgz,3/7/2023 09:00:31
2864,3.37,0,19.28,0,0,0,0,3.37,0,19.28,0,0,0,0,lqgz,3/7/2023 10:00:10
2865,3.38,0,19.43,0,0,0,0,3.38,0,19.43,0,0,0,0,lqgz,3/7/2023 11:00:01
2866,3.37,0,19.1,0,0,0,0,3.37,0,19.1,0,0,0,0,lqgz,3/7/2023 12:00:24
2867,3.49,0,23.31,0,0,0,0,3.49,0,23.31,0,0,0,0,lqgz,3/7/2023 13:00:01
2868,3.41,0,27.41,0,0,0,0,3.41,0,27.41,0,0,0,0,lqgz,3/7/2023 14:00:02
2869,3.31,0,31,0,0,0,0,3.31,0,31,0,0,0,0,lqgz,3/7/2023 15:00:01
2870,3.23,0,33.01,0,0,0,0,3.23,0,33.01,0,0,0,0,lqgz,3/7/2023 16:00:10
2871,3.16,0,30.09,0,0,0,0,3.16,0,30.09,0,0,0,0,lqgz,3/7/2023 17:00:10
2872,3.34,0,27.97,0,0,0,0,3.34,0,27.97,0,0,0,0,lqgz,3/7/2023 18:00:00
2873,3.48,0,25.09,0,0,0,0,3.48,0,25.09,0,0,0,0,lqgz,3/7/2023 19:00:00
2874,3.49,0,24.51,0,0,0,0,3.49,0,24.51,0,0,0,0,lqgz,3/7/2023 20:00:10
2875,3.33,0,24.23,0,0,0,0,3.33,0,24.23,0,0,0,0,lqgz,3/7/2023 21:00:00
2876,3.26,0,24.24,0,0,0,0,3.26,0,24.24,0,0,0,0,lqgz,3/7/2023 22:00:46
2877,3.46,0,24.19,0,0,0,0,3.46,0,24.19,0,0,0,0,lqgz,3/7/2023 23:00:13
2878,3.38,0,22.79,0,0,0,0,3.38,0,22.79,0,0,0,0,lqgz,4/7/2023 00:00:14
2879,3.33,0,22.34,0,0,0,0,3.33,0,22.34,0,0,0,0,lqgz,4/7/2023 01:00:10
2880,3.28,0,22.35,0,0,0,0,3.28,0,22.35,0,0,0,0,lqgz,4/7/2023 02:00:04
2881,3.28,0,22.44,0,0,0,0,3.28,0,22.44,0,0,0,0,lqgz,4/7/2023 03:00:00
2882,3.28,0,22.16,0,0,0,0,3.28,0,22.16,0,0,0,0,lqgz,4/7/2023 04:00:10
2883,3.28,0,22,0,0,0,0,3.28,0,22,0,0,0,0,lqgz,4/7/2023 05:00:00
2884,3.45,0,20.91,0,0,0,0,3.45,0,20.91,0,0,0,0,lqgz,4/7/2023 06:00:17
2885,3.26,0,20.04,0,0,0,0,3.26,0,20.04,0,0,0,0,lqgz,4/7/2023 07:00:21
2886,3.51,0,21.06,0,0,0,0,3.51,0,21.06,0,0,0,0,lqgz,4/7/2023 08:00:00
2887,3.32,0,18.84,0,0,0,0,3.32,0,18.84,0,0,0,0,lqgz,4/7/2023 09:00:00
2888,3.35,0,18.94,0,0,0,0,3.35,0,18.94,0,0,0,0,lqgz,4/7/2023 10:00:02
2889,3.36,0,19,0,0,0,0,3.36,0,19,0,0,0,0,lqgz,4/7/2023 11:00:00
2890,3.35,0,19.16,0,0,0,0,3.35,0,19.16,0,0,0,0,lqgz,4/7/2023 12:00:13
2891,3.49,0,23.76,0,0,0,0,3.49,0,23.76,0,0,0,0,lqgz,4/7/2023 13:00:14
2892,3.44,0,30.51,0,0,0,0,3.44,0,30.51,0,0,0,0,lqgz,4/7/2023 14:00:13
2893,3.37,0,31.71,0,0,0,0,3.37,0,31.71,0,0,0,0,lqgz,4/7/2023 15:00:00
2894,3.45,0,32.08,0,0,0,0,3.45,0,32.08,0,0,0,0,lqgz,4/7/2023 16:00:11
2895,3.42,0,36.29,0,0,0,0,3.42,0,36.29,0,0,0,0,lqgz,5/7/2023 15:00:10
2896,3.36,0,36.01,0,0,0,0,3.36,0,36.01,0,0,0,0,lqgz,5/7/2023 16:00:00
2897,3.29,0,33.93,0,0,0,0,3.29,0,33.93,0,0,0,0,lqgz,5/7/2023 17:00:00
2898,3.24,0,30.02,0,0,0,0,3.24,0,30.02,0,0,0,0,lqgz,5/7/2023 18:00:00
2899,3.5,0,25.24,0,0,0,0,3.5,0,25.24,0,0,0,0,lqgz,5/7/2023 19:00:00
2900,3.4,0,23.52,0,0,0,0,3.4,0,23.52,0,0,0,0,lqgz,5/7/2023 20:00:11
2901,3.27,0,22.16,0,0,0,0,3.27,0,22.16,0,0,0,0,lqgz,5/7/2023 21:00:10
2902,3.51,0,22.28,0,0,0,0,3.51,0,22.28,0,0,0,0,lqgz,5/7/2023 22:00:00
2903,3.49,0,21.83,0,0,0,0,3.49,0,21.83,0,0,0,0,lqgz,5/7/2023 23:00:00
2904,3.42,0,21.41,0,0,0,0,3.42,0,21.41,0,0,0,0,lqgz,6/7/2023 00:00:10
2905,3.36,0,21.16,0,0,0,0,3.36,0,21.16,0,0,0,0,lqgz,6/7/2023 01:00:01
2906,3.31,0,21.17,0,0,0,0,3.31,0,21.17,0,0,0,0,lqgz,6/7/2023 02:00:00
2907,3.26,0,21.56,0,0,0,0,3.26,0,21.56,0,0,0,0,lqgz,6/7/2023 03:00:10
2908,3.21,0,22.18,0,0,0,0,3.21,0,22.18,0,0,0,0,lqgz,6/7/2023 04:00:10
2909,3.51,0,22.85,0,0,0,0,3.51,0,22.85,0,0,0,0,lqgz,6/7/2023 05:00:10
2910,3.5,0,22.57,0,0,0,0,3.5,0,22.57,0,0,0,0,lqgz,6/7/2023 06:00:00
2911,3.49,0,22.44,0,0,0,0,3.49,0,22.44,0,0,0,0,lqgz,6/7/2023 07:00:00
2912,3.41,0,22.08,0,0,0,0,3.41,0,22.08,0,0,0,0,lqgz,6/7/2023 08:00:00
2913,3.3,0,19.25,0,0,0,0,3.3,0,19.25,0,0,0,0,lqgz,6/7/2023 09:00:12
2914,3.32,0,19.63,0,0,0,0,3.32,0,19.63,0,0,0,0,lqgz,6/7/2023 10:00:10
2915,3.34,0,19.77,0,0,0,0,3.34,0,19.77,0,0,0,0,lqgz,6/7/2023 11:00:00
2916,3.31,0,19.78,0,0,0,0,3.31,0,19.78,0,0,0,0,lqgz,6/7/2023 12:00:14
2917,3.41,0,21.99,0,0,0,0,3.41,0,21.99,0,0,0,0,lqgz,6/7/2023 13:00:01
2918,3.46,0,30.43,0,0,0,0,3.46,0,30.43,0,0,0,0,lqgz,6/7/2023 14:00:12
2919,3.47,0,31.07,0,0,0,0,3.47,0,31.07,0,0,0,0,lqgz,6/7/2023 15:00:10
2920,3.46,0,27.68,0,0,0,0,3.46,0,27.68,0,0,0,0,lqgz,6/7/2023 16:00:10
2921,3.5,0,26.44,0,0,0,0,3.5,0,26.44,0,0,0,0,lqgz,6/7/2023 17:00:00
2922,3.33,0,24.8,0,0,0,0,3.33,0,24.8,0,0,0,0,lqgz,6/7/2023 18:00:13
2923,3.14,0,22.11,0,0,0,0,3.14,0,22.11,0,0,0,0,lqgz,6/7/2023 19:00:00
2924,3.51,0,24.11,0,0,0,0,3.51,0,24.11,0,0,0,0,lqgz,6/7/2023 20:00:00
2925,3.49,0,23.92,0,0,0,0,3.49,0,23.92,0,0,0,0,lqgz,6/7/2023 21:00:00
2926,3.46,0,23.18,0,0,0,0,3.46,0,23.18,0,0,0,0,lqgz,6/7/2023 22:00:00
2927,3.5,0,23.25,0,0,0,0,3.5,0,23.25,0,0,0,0,lqgz,6/7/2023 23:00:28
2928,3.47,0,22.87,0,0,0,0,3.47,0,22.87,0,0,0,0,lqgz,7/7/2023 00:00:01
2929,3.42,0,22.9,0,0,0,0,3.42,0,22.9,0,0,0,0,lqgz,7/7/2023 01:00:00
2930,3.38,0,23.04,0,0,0,0,3.38,0,23.04,0,0,0,0,lqgz,7/7/2023 02:00:00
2931,3.33,0,22.73,0,0,0,0,3.33,0,22.73,0,0,0,0,lqgz,7/7/2023 03:00:12
2932,3.29,0,22.65,0,0,0,0,3.29,0,22.65,0,0,0,0,lqgz,7/7/2023 04:00:00
2933,3.25,0,22.51,0,0,0,0,3.25,0,22.51,0,0,0,0,lqgz,7/7/2023 05:00:00
2934,3.19,0,22.45,0,0,0,0,3.19,0,22.45,0,0,0,0,lqgz,7/7/2023 06:00:15
2935,3.04,0,22.59,0,0,0,0,3.04,0,22.59,0,0,0,0,lqgz,7/7/2023 07:00:13
2936,3.48,0,25.58,0,0,0,0,3.48,0,25.58,0,0,0,0,lqgz,7/7/2023 08:00:10
2937,3.32,0,19.43,0,0,0,0,3.32,0,19.43,0,0,0,0,lqgz,7/7/2023 09:00:00
2938,3.33,0,19.62,0,0,0,0,3.33,0,19.62,0,0,0,0,lqgz,7/7/2023 10:00:01
2939,3.35,0,19.77,0,0,0,0,3.35,0,19.77,0,0,0,0,lqgz,7/7/2023 11:00:10
2940,3.36,0,19.82,0,0,0,0,3.36,0,19.82,0,0,0,0,lqgz,7/7/2023 12:00:24
2941,3.46,0,26.95,0,0,0,0,3.46,0,26.95,0,0,0,0,lqgz,7/7/2023 13:01:08
2942,3.37,0,35.87,0,0,0,0,3.37,0,35.87,0,0,0,0,lqgz,7/7/2023 14:01:06
2943,0,0,0,0,0,0,0,0,0,0,0,0,0,0,lqgz,7/7/2023 15:16:38
2944,0,0,0,0,0,0,0,0,0,0,0,0,0,0,lqgz,7/7/2023 16:16:34
2945,0,0,0,0,0,0,0,0,0,0,0,0,0,0,lqgz,7/7/2023 17:00:15
2946,0,0,0,0,0,0,0,0,0,0,0,0,0,0,lqgz,7/7/2023 18:00:10
2947,0,0,0,0,0,0,0,0,0,0,0,0,0,0,lqgz,7/7/2023 19:00:15
2948,0,0,0,0,0,0,0,0,0,0,0,0,0,0,lqgz,7/7/2023 20:00:10
2949,0,0,0,0,0,0,0,0,0,0,0,0,0,0,lqgz,7/7/2023 21:00:10
2950,0,0,0,0,0,0,0,0,0,0,0,0,0,0,lqgz,7/7/2023 22:00:10
2951,0,0,0,0,0,0,0,0,0,0,0,0,0,0,lqgz,7/7/2023 23:00:13
2952,0,0,0,0,0,0,0,0,0,0,0,0,0,0,lqgz,8/7/2023 00:00:14
2953,0,0,0,0,0,0,0,0,0,0,0,0,0,0,lqgz,8/7/2023 01:00:10
2954,0,0,0,0,0,0,0,0,0,0,0,0,0,0,lqgz,8/7/2023 02:00:11
2955,0,0,0,0,0,0,0,0,0,0,0,0,0,0,lqgz,8/7/2023 03:00:13
2956,0,0,0,0,0,0,0,0,0,0,0,0,0,0,lqgz,8/7/2023 04:00:11
2957,0,0,0,0,0,0,0,0,0,0,0,0,0,0,lqgz,8/7/2023 05:00:10
2958,0,0,0,0,0,0,0,0,0,0,0,0,0,0,lqgz,8/7/2023 06:00:14
2959,0,0,0,0,0,0,0,0,0,0,0,0,0,0,lqgz,8/7/2023 07:00:01
2960,0,0,0,0,0,0,0,0,0,0,0,0,0,0,lqgz,8/7/2023 08:00:10
2961,0,0,0,0,0,0,0,0,0,0,0,0,0,0,lqgz,8/7/2023 09:00:12
2962,0,0,0,0,0,0,0,0,0,0,0,0,0,0,lqgz,8/7/2023 10:00:13
2963,0,0,0,0,0,0,0,0,0,0,0,0,0,0,lqgz,8/7/2023 11:00:00
2964,0,0,0,0,0,0,0,0,0,0,0,0,0,0,lqgz,8/7/2023 12:00:00
2965,0,0,0,0,0,0,0,0,0,0,0,0,0,0,lqgz,8/7/2023 13:00:01
2966,0,0,0,0,0,0,0,0,0,0,0,0,0,0,lqgz,8/7/2023 14:00:11
2967,0,0,0,0,0,0,0,0,0,0,0,0,0,0,lqgz,8/7/2023 15:00:00
2968,0,0,0,0,0,0,0,0,0,0,0,0,0,0,lqgz,8/7/2023 16:00:01
2969,0,0,0,0,0,0,0,0,0,0,0,0,0,0,lqgz,8/7/2023 17:00:00
2970,0,0,0,0,0,0,0,0,0,0,0,0,0,0,lqgz,8/7/2023 18:00:14
2971,0,0,0,0,0,0,0,0,0,0,0,0,0,0,lqgz,8/7/2023 19:00:11
2972,0,0,0,0,0,0,0,0,0,0,0,0,0,0,lqgz,8/7/2023 20:00:10
2973,0,0,0,0,0,0,0,0,0,0,0,0,0,0,lqgz,8/7/2023 21:00:00
2974,0,0,0,0,0,0,0,0,0,0,0,0,0,0,lqgz,8/7/2023 22:00:14
2975,0,0,0,0,0,0,0,0,0,0,0,0,0,0,lqgz,8/7/2023 23:00:11
2976,0,0,0,0,0,0,0,0,0,0,0,0,0,0,lqgz,9/7/2023 00:00:00
2977,0,0,0,0,0,0,0,0,0,0,0,0,0,0,lqgz,9/7/2023 01:00:14
2978,0,0,0,0,0,0,0,0,0,0,0,0,0,0,lqgz,9/7/2023 02:00:04
2979,0,0,0,0,0,0,0,0,0,0,0,0,0,0,lqgz,9/7/2023 03:00:00
2980,0,0,0,0,0,0,0,0,0,0,0,0,0,0,lqgz,9/7/2023 04:00:12
2981,0,0,0,0,0,0,0,0,0,0,0,0,0,0,lqgz,9/7/2023 05:00:10
2982,0,0,0,0,0,0,0,0,0,0,0,0,0,0,lqgz,9/7/2023 06:00:00
2983,0,0,0,0,0,0,0,0,0,0,0,0,0,0,lqgz,9/7/2023 07:00:00
2984,0,0,0,0,0,0,0,0,0,0,0,0,0,0,lqgz,9/7/2023 08:00:10
2985,0,0,0,0,0,0,0,0,0,0,0,0,0,0,lqgz,9/7/2023 09:00:10
2986,0,0,0,0,0,0,0,0,0,0,0,0,0,0,lqgz,9/7/2023 10:00:00
2987,0,0,0,0,0,0,0,0,0,0,0,0,0,0,lqgz,9/7/2023 11:00:00
2988,0,0,0,0,0,0,0,0,0,0,0,0,0,0,lqgz,9/7/2023 12:00:15
2989,0,0,0,0,0,0,0,0,0,0,0,0,0,0,lqgz,9/7/2023 13:00:13
2990,0,0,0,0,0,0,0,0,0,0,0,0,0,0,lqgz,9/7/2023 14:00:11
2991,0,0,0,0,0,0,0,0,0,0,0,0,0,0,lqgz,9/7/2023 15:00:11
2992,0,0,0,0,0,0,0,0,0,0,0,0,0,0,lqgz,9/7/2023 16:00:10
2993,0,0,0,0,0,0,0,0,0,0,0,0,0,0,lqgz,9/7/2023 17:00:00
2994,0,0,0,0,0,0,0,0,0,0,0,0,0,0,lqgz,9/7/2023 18:00:10
2995,0,0,0,0,0,0,0,0,0,0,0,0,0,0,lqgz,9/7/2023 19:00:10
2996,0,0,0,0,0,0,0,0,0,0,0,0,0,0,lqgz,9/7/2023 20:00:00
2997,0,0,0,0,0,0,0,0,0,0,0,0,0,0,lqgz,9/7/2023 21:00:00
2998,0,0,0,0,0,0,0,0,0,0,0,0,0,0,lqgz,9/7/2023 22:00:11
2999,0,0,0,0,0,0,0,0,0,0,0,0,0,0,lqgz,9/7/2023 23:00:14
3000,0,0,0,0,0,0,0,0,0,0,0,0,0,0,lqgz,10/7/2023 00:00:01
3001,0,0,0,0,0,0,0,0,0,0,0,0,0,0,lqgz,10/7/2023 01:00:01
3002,0,0,0,0,0,0,0,0,0,0,0,0,0,0,lqgz,10/7/2023 02:00:00
3003,0,0,0,0,0,0,0,0,0,0,0,0,0,0,lqgz,10/7/2023 03:00:01
3004,0,0,0,0,0,0,0,0,0,0,0,0,0,0,lqgz,10/7/2023 04:00:10
3005,0,0,0,0,0,0,0,0,0,0,0,0,0,0,lqgz,10/7/2023 05:00:10
3006,0,0,0,0,0,0,0,0,0,0,0,0,0,0,lqgz,10/7/2023 06:00:10
3007,0,0,0,0,0,0,0,0,0,0,0,0,0,0,lqgz,10/7/2023 07:00:10
3008,0,0,0,0,0,0,0,0,0,0,0,0,0,0,lqgz,10/7/2023 08:00:10
3009,0,0,0,0,0,0,0,0,0,0,0,0,0,0,lqgz,10/7/2023 09:00:01
3010,0,0,0,0,0,0,0,0,0,0,0,0,0,0,lqgz,10/7/2023 10:00:10
3011,3.38,0,20.09,0,0,0,0,3.38,0,20.09,0,0,0,0,lqgz,10/7/2023 11:00:00
3012,3.36,0,20.07,0,0,0,0,3.36,0,20.07,0,0,0,0,lqgz,10/7/2023 12:00:10
3013,3.41,0,20.43,0,0,0,0,3.41,0,20.43,0,0,0,0,lqgz,10/7/2023 13:00:00
3014,3.48,0,31.58,0,0,0,0,3.48,0,31.58,0,0,0,0,lqgz,10/7/2023 14:00:01
3015,3.46,0,35.42,0,0,0,0,3.46,0,35.42,0,0,0,0,lqgz,10/7/2023 15:00:15
3016,3.46,0,36.17,0,0,0,0,3.46,0,36.17,0,0,0,0,lqgz,10/7/2023 16:00:10
3017,3.48,0,34.28,0,0,0,0,3.48,0,34.28,0,0,0,0,lqgz,10/7/2023 17:00:11
3018,3.46,0,30.78,0,0,0,0,3.46,0,30.78,0,0,0,0,lqgz,10/7/2023 18:00:11
3019,3.34,0,28.06,0,0,0,0,3.34,0,28.06,0,0,0,0,lqgz,10/7/2023 19:00:00
3020,3.21,0,26.15,0,0,0,0,3.21,0,26.15,0,0,0,0,lqgz,10/7/2023 20:00:00
3021,3.51,0,25.76,0,0,0,0,3.51,0,25.76,0,0,0,0,lqgz,10/7/2023 21:00:10
3022,3.48,0,24.23,0,0,0,0,3.48,0,24.23,0,0,0,0,lqgz,10/7/2023 22:00:12
3023,3.51,0,24.66,0,0,0,0,3.51,0,24.66,0,0,0,0,lqgz,10/7/2023 23:00:01
3024,3.47,0,24.66,0,0,0,0,3.47,0,24.66,0,0,0,0,lqgz,11/7/2023 00:00:11
3025,3.48,0,24.72,0,0,0,0,3.48,0,24.72,0,0,0,0,lqgz,11/7/2023 01:00:12
3026,3.49,0,24.67,0,0,0,0,3.49,0,24.67,0,0,0,0,lqgz,11/7/2023 02:00:00
3027,3.49,0,24.73,0,0,0,0,3.49,0,24.73,0,0,0,0,lqgz,11/7/2023 03:00:11
3028,3.49,0,24.92,0,0,0,0,3.49,0,24.92,0,0,0,0,lqgz,11/7/2023 04:00:00
3029,3.49,0,24.59,0,0,0,0,3.49,0,24.59,0,0,0,0,lqgz,11/7/2023 05:00:00
3030,3.48,0,24.28,0,0,0,0,3.48,0,24.28,0,0,0,0,lqgz,11/7/2023 06:00:11
3031,3.48,0,23.71,0,0,0,0,3.48,0,23.71,0,0,0,0,lqgz,11/7/2023 07:00:10
3032,3.47,0,25.32,0,0,0,0,3.47,0,25.32,0,0,0,0,lqgz,11/7/2023 08:00:00
3033,3.35,0,19.81,0,0,0,0,3.35,0,19.81,0,0,0,0,lqgz,11/7/2023 09:00:00
3034,3.37,0,19.91,0,0,0,0,3.37,0,19.91,0,0,0,0,lqgz,11/7/2023 10:00:00
3035,3.37,0,20.11,0,0,0,0,3.37,0,20.11,0,0,0,0,lqgz,11/7/2023 11:00:00
3036,3.36,0,20.12,0,0,0,0,3.36,0,20.12,0,0,0,0,lqgz,11/7/2023 12:00:00
3037,3.4,0,20.44,0,0,0,0,3.4,0,20.44,0,0,0,0,lqgz,11/7/2023 13:00:15
3038,3.47,0,28.05,0,0,0,0,3.47,0,28.05,0,0,0,0,lqgz,11/7/2023 14:00:14
3039,3.41,0,36.18,0,0,0,0,3.41,0,36.18,0,0,0,0,lqgz,11/7/2023 15:00:13
3040,3.35,0,37.38,0,0,0,0,3.35,0,37.38,0,0,0,0,lqgz,11/7/2023 16:00:12
3041,3.29,0,34.84,0,0,0,0,3.29,0,34.84,0,0,0,0,lqgz,11/7/2023 17:00:00
3042,3.46,0,31.2,0,0,0,0,3.46,0,31.2,0,0,0,0,lqgz,11/7/2023 18:00:01
3043,3.49,0,27.55,0,0,0,0,3.49,0,27.55,0,0,0,0,lqgz,11/7/2023 19:00:14
3044,3.49,0,25.34,0,0,0,0,3.49,0,25.34,0,0,0,0,lqgz,11/7/2023 20:00:13
3045,3.5,0,25.28,0,0,0,0,3.5,0,25.28,0,0,0,0,lqgz,11/7/2023 21:00:00
3046,3.44,0,25.73,0,0,0,0,3.44,0,25.73,0,0,0,0,lqgz,11/7/2023 22:00:12
3047,3.37,0,25.92,0,0,0,0,3.37,0,25.92,0,0,0,0,lqgz,11/7/2023 23:00:00
3048,3.31,0,25.77,0,0,0,0,3.31,0,25.77,0,0,0,0,lqgz,12/7/2023 00:00:13
3049,3.48,0,25.97,0,0,0,0,3.48,0,25.97,0,0,0,0,lqgz,12/7/2023 01:00:10
3050,3.43,0,25.52,0,0,0,0,3.43,0,25.52,0,0,0,0,lqgz,12/7/2023 02:00:10
3051,3.37,0,25.32,0,0,0,0,3.37,0,25.32,0,0,0,0,lqgz,12/7/2023 03:00:00
3052,3.32,0,25.43,0,0,0,0,3.32,0,25.43,0,0,0,0,lqgz,12/7/2023 04:00:11
3053,3.44,0,25.5,0,0,0,0,3.44,0,25.5,0,0,0,0,lqgz,12/7/2023 05:00:13
3054,3.35,0,25.12,0,0,0,0,3.35,0,25.12,0,0,0,0,lqgz,12/7/2023 06:00:11
3055,3.48,0,25,0,0,0,0,3.48,0,25,0,0,0,0,lqgz,12/7/2023 07:00:00
3056,3.41,0,25.24,0,0,0,0,3.41,0,25.24,0,0,0,0,lqgz,12/7/2023 08:00:15
3057,3.38,0,19.58,0,0,0,0,3.38,0,19.58,0,0,0,0,lqgz,12/7/2023 09:00:00
3058,3.38,0,19.75,0,0,0,0,3.38,0,19.75,0,0,0,0,lqgz,12/7/2023 10:00:00
3059,3.36,0,19.92,0,0,0,0,3.36,0,19.92,0,0,0,0,lqgz,12/7/2023 11:00:10
3060,3.39,0,19.88,0,0,0,0,3.39,0,19.88,0,0,0,0,lqgz,12/7/2023 12:00:00
3061,3.43,0,20.19,0,0,0,0,3.43,0,20.19,0,0,0,0,lqgz,12/7/2023 13:00:10
3062,3.49,0,25.06,0,0,0,0,3.49,0,25.06,0,0,0,0,lqgz,12/7/2023 14:00:11
3063,3.48,0,31.93,0,0,0,0,3.48,0,31.93,0,0,0,0,lqgz,12/7/2023 15:00:00
3064,3.47,0,34.44,0,0,0,0,3.47,0,34.44,0,0,0,0,lqgz,12/7/2023 16:00:11
3065,3.45,0,33.68,0,0,0,0,3.45,0,33.68,0,0,0,0,lqgz,12/7/2023 17:00:13
3066,3.25,0,24.8,0,0,0,0,3.25,0,24.8,0,0,0,0,lqgz,12/7/2023 18:00:00
3067,3.49,0,26.47,0,0,0,0,3.49,0,26.47,0,0,0,0,lqgz,12/7/2023 19:00:10
3068,3.48,0,25.3,0,0,0,0,3.48,0,25.3,0,0,0,0,lqgz,12/7/2023 20:00:10
3069,3.5,0,24.88,0,0,0,0,3.5,0,24.88,0,0,0,0,lqgz,12/7/2023 21:00:00
3070,3.51,0,25.12,0,0,0,0,3.51,0,25.12,0,0,0,0,lqgz,12/7/2023 22:00:12
3071,3.49,0,25.09,0,0,0,0,3.49,0,25.09,0,0,0,0,lqgz,12/7/2023 23:00:00
3072,3.5,0,25.34,0,0,0,0,3.5,0,25.34,0,0,0,0,lqgz,13/7/2023 00:00:00
3073,3.46,0,25.43,0,0,0,0,3.46,0,25.43,0,0,0,0,lqgz,13/7/2023 01:00:12
3074,3.41,0,25.36,0,0,0,0,3.41,0,25.36,0,0,0,0,lqgz,13/7/2023 02:00:12
3075,3.37,0,25.23,0,0,0,0,3.37,0,25.23,0,0,0,0,lqgz,13/7/2023 03:00:05
3076,3.32,0,25.02,0,0,0,0,3.32,0,25.02,0,0,0,0,lqgz,13/7/2023 04:00:10
3077,3.51,0,25.03,0,0,0,0,3.51,0,25.03,0,0,0,0,lqgz,13/7/2023 05:00:10
3078,3.47,0,24.72,0,0,0,0,3.47,0,24.72,0,0,0,0,lqgz,13/7/2023 06:00:11
3079,3.43,0,23.76,0,0,0,0,3.43,0,23.76,0,0,0,0,lqgz,13/7/2023 07:00:10
3080,3.47,0,23.49,0,0,0,0,3.47,0,23.49,0,0,0,0,lqgz,13/7/2023 08:00:02
3081,3.32,0,19.44,0,0,0,0,3.32,0,19.44,0,0,0,0,lqgz,13/7/2023 09:00:01
3082,3.26,0,19.67,0,0,0,0,3.26,0,19.67,0,0,0,0,lqgz,13/7/2023 10:00:15
3083,3.33,0,20.01,0,0,0,0,3.33,0,20.01,0,0,0,0,lqgz,13/7/2023 11:00:18
3084,3.33,0,19.99,0,0,0,0,3.33,0,19.99,0,0,0,0,lqgz,13/7/2023 12:00:00
3085,3.39,0,20.13,0,0,0,0,3.39,0,20.13,0,0,0,0,lqgz,13/7/2023 13:00:17
3086,3.42,0,20.2,0,0,0,0,3.42,0,20.2,0,0,0,0,lqgz,13/7/2023 14:00:11
3087,3.47,0,27.23,0,0,0,0,3.47,0,27.23,0,0,0,0,lqgz,13/7/2023 15:00:14
3088,3.4,0,29.23,0,0,0,0,3.4,0,29.23,0,0,0,0,lqgz,13/7/2023 16:00:13
3089,3.33,0,27.24,0,0,0,0,3.33,0,27.24,0,0,0,0,lqgz,13/7/2023 17:00:13
3090,3.26,0,26.86,0,0,0,0,3.26,0,26.86,0,0,0,0,lqgz,13/7/2023 18:00:14
3091,3.47,0,24.14,0,0,0,0,3.47,0,24.14,0,0,0,0,lqgz,13/7/2023 19:00:11
3092,3.5,0,24.16,0,0,0,0,3.5,0,24.16,0,0,0,0,lqgz,13/7/2023 20:00:02
3093,3.47,0,24.04,0,0,0,0,3.47,0,24.04,0,0,0,0,lqgz,13/7/2023 21:00:14
3094,3.35,0,23.81,0,0,0,0,3.35,0,23.81,0,0,0,0,lqgz,13/7/2023 22:00:00
3095,3.39,0,24.23,0,0,0,0,3.39,0,24.23,0,0,0,0,lqgz,13/7/2023 23:00:00
3096,3.37,0,23.93,0,0,0,0,3.37,0,23.93,0,0,0,0,lqgz,14/7/2023 00:00:02
3097,3.31,0,23.74,0,0,0,0,3.31,0,23.74,0,0,0,0,lqgz,14/7/2023 01:00:13
3098,3.26,0,23.38,0,0,0,0,3.26,0,23.38,0,0,0,0,lqgz,14/7/2023 02:00:15
3099,3.21,0,22.84,0,0,0,0,3.21,0,22.84,0,0,0,0,lqgz,14/7/2023 03:00:11
3100,3.42,0,23.01,0,0,0,0,3.42,0,23.01,0,0,0,0,lqgz,14/7/2023 04:00:00
3101,3.36,0,22.63,0,0,0,0,3.36,0,22.63,0,0,0,0,lqgz,14/7/2023 05:00:02
3102,3.3,0,22.44,0,0,0,0,3.3,0,22.44,0,0,0,0,lqgz,14/7/2023 06:00:00
3103,3.43,0,22.8,0,0,0,0,3.43,0,22.8,0,0,0,0,lqgz,14/7/2023 07:00:00
3104,3.37,0,24.8,0,0,0,0,3.37,0,24.8,0,0,0,0,lqgz,14/7/2023 08:00:10
3105,3.32,0,19.77,0,0,0,0,3.32,0,19.77,0,0,0,0,lqgz,14/7/2023 09:00:10
3106,3.33,0,19.88,0,0,0,0,3.33,0,19.88,0,0,0,0,lqgz,14/7/2023 10:00:12
3107,3.34,0,19.97,0,0,0,0,3.34,0,19.97,0,0,0,0,lqgz,14/7/2023 11:00:10
3108,3.33,0,20.12,0,0,0,0,3.33,0,20.12,0,0,0,0,lqgz,14/7/2023 12:00:11
3109,3.37,0,20.39,0,0,0,0,3.37,0,20.39,0,0,0,0,lqgz,14/7/2023 13:00:10
3110,3.37,0,20.47,0,0,0,0,3.37,0,20.47,0,0,0,0,lqgz,14/7/2023 14:00:14
3111,3.42,0,27.01,0,0,0,0,3.42,0,27.01,0,0,0,0,lqgz,14/7/2023 15:00:10
3112,3.42,0,31.58,0,0,0,0,3.42,0,31.58,0,0,0,0,lqgz,14/7/2023 16:00:00
3113,3.35,0,32.03,0,0,0,0,3.35,0,32.03,0,0,0,0,lqgz,14/7/2023 17:00:13
3114,3.42,0,30.05,0,0,0,0,3.42,0,30.05,0,0,0,0,lqgz,14/7/2023 18:00:01
3115,3.43,0,26.57,0,0,0,0,3.43,0,26.57,0,0,0,0,lqgz,14/7/2023 19:00:15
3116,3.43,0,24.43,0,0,0,0,3.43,0,24.43,0,0,0,0,lqgz,14/7/2023 20:00:04
3117,3.43,0,24.02,0,0,0,0,3.43,0,24.02,0,0,0,0,lqgz,14/7/2023 21:00:00
3118,3.38,0,23.99,0,0,0,0,3.38,0,23.99,0,0,0,0,lqgz,14/7/2023 22:00:12
