pt_in,pt_out,tt_in,tt_out,vf_td_s,vf_td,vf_su,pt_in_s,pt_out_s,tt_in_s,tt_out_s,vf_su_s,vf_fr,vf_fr_s
30.0,393.3,410.23,151.29,758.41,744.27,758.99,983.55,126.24,754.14,877.68,614.0,568.65,761.89
281.0,794.98,693.25,200.28,637.22,598.88,241.46,650.26,449.09,861.5,884.73,831.12,575.51,41.33
508.0,13.18,52.58,563.08,429.49,243.98,125.21,507.81,0.85,235.79,30.84,737.52,196.63,448.91
653.0,839.04,189.49,787.8,848.57,688.68,240.81,386.8,819.05,437.38,683.3,985.58,887.72,797.82
948.0,486.17,504.42,705.37,442.9,627.17,820.26,24.58,979.91,545.55,841.89,606.88,102.55,747.89
290.0,833.11,820.95,997.39,494.79,790.23,347.66,715.51,522.6,833.25,31.96,135.91,631.03,11.74
166.0,550.42,883.6,980.38,429.34,843.12,400.75,90.77,517.13,73.6,714.19,585.67,59.49,121.3
762.0,805.11,833.38,584.15,128.03,109.46,228.2,959.62,932.35,240.52,448.37,956.8,29.5,218.95
498.0,304.52,388.84,221.84,858.67,701.55,168.23,513.45,828.99,112.09,483.99,345.0,58.21,989.71
463.0,577.53,312.14,251.07,232.96,575.65,834.98,64.2,947.47,791.7,263.74,181.04,331.62,599.01
66.0,532.45,115.82,830.42,748.5,677.02,78.61,87.82,718.3,842.97,386.16,886.87,951.63,97.23
142.0,948.35,557.71,936.94,568.6,539.06,34.48,220.7,85.17,698.88,258.71,69.4,574.23,955.09
276.0,682.5,741.6,213.4,568.07,340.4,853.55,18.24,382.27,628.71,726.76,1.61,343.25,298.99
833.0,257.61,28.77,766.84,268.63,307.72,302.98,86.04,705.27,877.17,865.63,378.03,604.16,23.51
583.0,436.01,770.39,742.91,664.64,769.93,593.7,523.28,831.49,149.57,317.24,452.89,873.45,102.98
465.0,348.34,24.8,114.45,177.99,110.25,297.92,868.77,115.33,544.04,103.51,489.43,648.28,498.23
669.0,639.58,321.47,80.96,125.18,460.98,814.98,681.08,440.94,943.72,865.45,422.22,9.26,157.14
320.0,946.77,362.97,524.9,991.99,409.45,93.12,152.92,666.95,544.55,161.7,582.31,141.74,891.1
716.0,949.91,280.82,184.74,490.44,789.35,997.85,652.65,170.28,258.73,816.91,685.45,584.89,679.3
307.0,534.53,192.68,948.18,572.31,385.69,137.87,757.0,726.71,959.27,941.16,928.98,24.93,261.14
308.0,528.68,348.76,815.29,504.61,325.72,394.3,756.76,438.19,595.03,406.92,206.02,437.88,955.89
826.0,941.11,264.48,82.8,416.87,99.2,25.35,922.26,628.13,428.43,939.71,220.87,712.39,562.84
334.0,397.17,57.73,988.56,732.15,371.48,466.6,113.16,905.55,594.83,203.39,528.41,779.39,670.18
50.0,398.39,111.22,436.67,365.91,156.86,894.88,856.21,156.92,307.12,920.4,139.57,369.91,589.13
731.0,253.06,597.57,74.56,8.77,839.29,890.74,956.2,364.29,608.33,179.25,482.82,522.87,470.63
3.0,103.17,281.35,813.05,64.39,855.54,684.68,82.27,685.59,0.17,510.94,362.97,922.65,347.52
786.0,899.09,546.25,241.13,695.86,965.87,852.69,599.61,199.32,967.94,638.44,528.1,22.42,561.97
353.0,179.91,226.49,625.31,318.77,811.29,537.45,86.42,787.72,41.57,237.5,341.38,517.19,75.05
910.0,409.11,140.64,119.5,250.49,287.8,380.78,340.92,65.19,632.22,620.59,582.62,385.2,546.51
539.0,212.8,616.95,471.73,818.46,165.95,849.87,125.04,363.88,468.37,59.77,516.02,28.66,197.31
347.0,154.74,487.02,291.68,245.85,2.22,663.93,620.72,314.46,676.11,104.52,768.59,530.26,880.61
3.93,2.87,19.92,24.35,40.14,42327.61,51600564.0,3.93,2.87,19.92,24.35,51396440.0,7296.5,2129.45
484.0,490.73,464.55,517.68,55.38,431.12,905.2,106.75,311.54,205.85,442.36,889.41,728.4,162.39
661.0,24.22,766.14,454.9,310.6,144.05,909.82,962.44,316.27,105.55,167.1,132.78,797.88,793.96
34.0,58.69,161.13,568.86,147.54,244.92,461.1,801.1,937.96,280.03,96.68,546.32,89.87,137.28
32.0,816.32,347.63,585.93,571.98,404.54,680.13,983.68,672.27,151.14,134.23,119.8,642.79,433.69
232.0,424.5,631.7,789.1,397.28,517.41,451.72,556.66,548.29,936.59,276.96,538.49,823.79,438.07
752.0,916.36,981.92,35.43,101.5,593.93,171.1,924.25,476.74,416.8,694.14,678.99,748.51,839.57
193.0,800.4,923.01,717.09,279.23,735.74,661.21,329.43,76.49,299.92,497.27,852.33,749.62,517.19
514.0,365.46,766.8,56.26,456.28,64.88,485.07,842.13,771.68,492.75,266.46,252.88,281.87,340.24
4.0,741.3,480.06,792.42,184.59,259.44,917.51,504.65,727.07,324.49,605.89,357.7,233.17,818.29
205.0,105.32,834.13,397.98,564.4,247.9,705.31,697.57,197.36,903.63,892.16,474.29,430.33,121.3
434.0,188.29,631.96,267.81,456.41,781.87,223.39,483.88,808.72,451.09,874.41,242.28,928.3,524.77
808.0,438.9,29.6,472.16,462.71,326.36,22.91,892.46,636.83,75.25,819.72,775.49,2.74,200.94
985.0,305.11,666.6,758.51,479.72,63.37,787.16,116.78,167.85,426.46,414.43,450.83,698.63,54.19
110.0,103.4,809.57,792.82,575.45,63.4,557.2,624.46,92.7,454.1,357.28,391.97,521.43,448.48
942.0,514.57,867.69,570.62,81.17,503.24,123.31,973.34,229.35,698.92,945.45,851.85,617.67,544.51
78.0,433.89,195.59,631.9,791.78,383.63,631.79,914.49,46.63,760.98,771.53,77.51,184.44,917.99
85.0,166.63,924.42,300.4,828.46,286.12,121.7,124.79,230.79,748.12,657.1,837.38,923.81,54.05
589.0,462.57,549.4,163.43,813.52,204.77,758.0,209.77,953.76,772.63,926.86,873.02,338.73,570.14
83.0,903.14,232.78,253.15,80.42,695.75,526.75,650.7,248.74,330.67,58.08,544.74,773.05,975.31
255.0,175.91,79.82,788.26,52.69,892.14,899.82,707.37,242.55,781.2,803.54,56.28,64.79,98.05
924.0,836.34,131.64,550.25,101.7,422.77,52.51,491.14,730.88,158.52,961.01,247.09,496.1,931.25
409.0,611.16,789.71,529.88,728.02,191.27,839.93,806.23,117.88,277.03,475.22,909.81,443.66,141.16
654.0,809.84,375.47,370.54,258.79,33.61,563.72,523.82,542.71,199.97,254.27,590.81,979.26,968.99
522.0,934.32,335.67,668.63,437.16,301.46,476.58,943.46,825.24,902.17,364.96,53.48,611.86,228.94
920.0,450.54,943.57,376.35,966.48,298.02,335.79,923.81,652.27,779.42,482.9,775.88,772.98,881.32
437.0,796.62,595.95,825.32,414.04,245.95,891.56,560.03,534.29,240.94,340.06,257.57,163.31,332.51
6.0,558.58,521.84,660.68,800.75,722.96,249.77,106.3,49.52,427.5,874.56,623.45,4.09,397.22
405.0,117.19,518.32,793.53,634.11,891.85,803.58,673.57,359.89,505.22,877.3,918.71,167.9,856.46
468.0,154.64,135.72,438.76,442.77,850.55,825.54,785.63,911.04,55.56,300.04,667.96,144.86,183.93
98.0,45.65,491.16,98.25,994.23,518.56,302.18,764.3,891.15,27.1,147.79,451.12,549.22,286.04
560.0,186.82,375.89,155.27,339.05,337.36,672.54,657.31,891.27,91.73,221.67,850.74,367.04,574.19
360.0,292.42,824.44,457.23,71.4,357.77,478.81,665.57,499.61,513.94,647.12,175.69,328.02,122.48
874.0,771.64,283.11,334.55,174.66,244.75,382.66,144.54,110.71,633.65,566.19,381.22,46.1,447.63
267.0,276.97,168.84,523.54,980.44,773.61,54.84,571.49,3.61,165.47,296.68,260.38,956.26,421.0
678.0,325.12,123.77,272.27,584.77,244.77,886.28,908.33,22.79,760.33,793.79,281.54,589.26,123.75
383.0,778.96,202.7,543.45,118.58,94.67,80.9,662.67,922.66,130.75,83.49,829.34,97.88,269.66
694.0,477.79,98.22,900.89,360.96,811.69,1.35,851.61,590.2,472.11,40.11,633.3,348.32,942.34
412.0,498.75,246.02,778.82,276.09,961.13,227.59,50.89,95.79,643.84,855.83,92.94,223.21,579.52
887.0,179.65,61.01,387.12,826.32,878.94,292.18,387.8,891.85,833.14,784.21,26.98,636.11,36.02
119.0,175.91,879.69,449.34,127.65,249.6,431.27,749.76,354.48,104.24,447.97,728.27,847.3,119.52
431.0,386.63,301.43,6.57,678.33,812.63,988.14,687.78,223.08,932.5,976.34,355.09,852.38,744.46
251.0,239.58,59.5,987.42,802.48,576.16,500.52,341.78,421.12,729.22,993.79,594.79,383.38,723.71
343.0,477.16,995.87,723.56,228.78,866.45,243.53,508.8,773.6,783.27,121.44,318.87,883.35,255.39
10.0,713.3,142.71,750.49,778.13,760.67,822.02,976.47,14.92,672.58,304.36,107.84,803.73,144.07
197.0,661.52,176.62,826.45,494.02,492.02,468.64,801.66,927.33,294.91,327.7,198.53,759.82,540.93
946.0,974.81,220.51,487.7,695.4,681.59,17.19,842.07,474.73,96.49,64.91,929.89,191.22,610.15
82.0,837.21,520.39,310.27,459.16,18.52,255.11,284.78,807.77,165.35,613.73,932.48,137.46,659.94
913.0,929.18,328.76,277.35,119.86,734.49,649.05,274.29,342.62,802.55,805.71,50.52,489.84,341.39
479.0,348.69,376.67,240.09,416.96,597.82,522.5,981.04,268.68,204.37,498.12,283.96,289.56,903.27
697.0,259.34,448.04,529.22,307.69,594.99,844.13,972.75,790.9,410.37,405.66,773.92,176.91,435.73
240.0,172.05,77.03,443.64,657.52,351.71,333.23,577.59,241.65,5.01,455.6,423.8,530.69,474.09
293.0,329.27,131.59,68.88,977.14,303.66,915.89,623.33,536.26,108.64,489.09,851.24,991.81,946.11
212.0,914.12,737.4,978.34,265.17,775.86,221.93,438.63,395.76,254.24,21.54,977.76,503.83,805.62
722.0,561.47,453.03,195.2,662.16,431.41,863.88,126.03,647.77,112.81,626.87,82.68,906.61,840.74
362.0,281.89,472.46,499.87,118.36,869.95,193.87,925.96,852.01,58.31,116.03,935.26,474.83,114.46
452.0,890.13,116.72,120.71,589.36,203.4,750.21,520.75,93.42,428.88,770.92,983.7,818.76,211.65
228.0,707.03,620.53,820.55,420.22,891.75,304.55,427.0,522.39,29.55,295.89,631.14,513.22,586.49
862.0,568.52,670.54,907.74,874.38,166.77,191.53,840.97,533.01,591.25,650.71,604.43,319.76,119.42
363.0,414.29,992.65,119.39,108.81,5.36,442.77,226.92,379.99,119.14,798.15,443.24,457.94,211.65
802.0,465.6,216.3,327.96,969.17,806.41,422.17,260.21,130.12,238.35,17.77,700.18,463.29,890.11
658.0,834.27,752.44,411.99,874.8,608.76,696.98,737.99,147.92,397.86,417.05,577.32,658.26,886.94
708.0,347.57,693.92,835.07,503.71,152.48,182.43,650.23,510.97,121.39,319.61,71.29,731.05,580.39
645.0,15.38,783.26,6.44,299.49,893.85,221.88,349.72,432.4,470.26,371.95,923.51,626.77,805.25
582.0,665.14,264.57,781.71,4.35,413.05,287.38,242.47,443.5,633.94,993.67,198.09,302.82,609.8
938.0,636.31,892.42,453.51,691.51,710.28,91.25,504.7,660.24,424.98,746.13,160.53,236.41,103.05
371.0,902.68,7.14,974.04,3.64,126.61,242.53,99.26,388.33,196.49,477.77,316.3,133.79,192.95
8.0,917.36,286.52,427.91,761.22,941.75,3.13,490.94,185.37,641.59,2.39,293.89,271.92,821.3
156.0,771.36,82.13,355.51,575.67,925.02,122.56,878.42,222.93,99.06,290.59,785.76,140.48,92.25
544.0,383.21,617.8,39.89,385.03,30.73,882.24,301.09,21.59,780.36,386.78,357.53,651.13,360.46
443.0,520.34,777.08,232.52,959.69,142.87,392.69,771.32,207.24,631.19,740.98,93.23,547.52,436.12
916.0,272.13,994.02,112.52,598.31,528.16,252.62,773.73,306.45,569.3,420.22,791.64,663.27,28.2
399.0,66.3,837.5,759.5,369.53,959.07,338.36,49.26,857.62,842.05,228.33,734.85,675.9,731.05
961.0,477.61,758.73,334.5,787.4,476.31,319.6,523.11,489.14,454.34,666.63,750.36,471.44,489.79
569.0,972.78,203.07,628.91,893.1,985.84,141.44,894.22,550.61,477.4,522.22,426.96,45.33,902.06
592.0,390.55,772.97,583.3,302.86,954.99,987.83,564.96,520.86,122.67,235.76,66.96,467.8,76.56
581.0,102.21,416.84,969.66,549.06,211.87,830.26,542.22,626.04,5.04,56.05,335.59,137.82,235.71
940.0,519.91,362.06,425.38,91.44,511.75,667.43,112.95,443.55,857.26,326.19,186.32,444.2,263.89
696.0,2.63,525.02,417.05,196.6,25.53,51.31,305.55,308.02,381.48,736.05,749.03,492.62,520.24
868.0,916.77,495.57,779.7,273.86,995.79,582.38,213.0,917.71,740.25,980.62,913.38,438.2,131.71
533.0,396.71,440.05,677.64,714.3,781.11,194.25,35.55,181.64,247.02,787.6,277.85,467.67,561.61
586.0,924.3,494.67,442.29,568.51,20.68,401.08,305.09,975.26,214.76,829.45,73.9,69.34,766.65
712.0,952.03,226.05,347.45,973.06,133.08,935.65,135.94,56.24,721.88,872.16,712.77,468.96,325.7
451.0,990.88,323.94,211.94,945.44,607.5,736.25,93.89,572.48,752.28,332.3,781.89,396.04,750.36
881.0,170.47,665.23,975.27,253.2,446.88,703.74,98.26,830.6,660.88,96.24,238.86,826.16,278.72
229.0,662.43,38.38,424.46,834.08,84.37,855.43,548.65,363.43,425.53,73.46,923.92,803.14,434.12
591.0,981.97,27.59,120.93,670.91,558.5,248.59,225.66,193.5,838.47,959.07,974.45,708.57,481.24
733.0,416.14,920.28,815.09,327.13,650.49,323.33,264.51,355.68,29.34,78.73,575.58,160.87,2.79
213.0,840.81,37.58,644.25,889.01,549.76,387.97,39.06,329.45,389.32,431.26,376.52,995.33,472.97
80.0,425.9,261.83,359.21,807.61,897.62,499.5,735.2,846.35,458.24,337.33,966.87,61.26,827.57
149.0,954.16,774.27,285.0,96.35,895.94,499.65,974.32,418.89,139.32,652.41,192.49,751.69,69.13
303.0,42.27,677.36,61.74,726.47,895.28,428.55,515.52,470.51,929.39,866.75,374.29,49.8,874.18
917.0,876.54,884.15,999.58,740.56,250.47,743.13,275.97,808.84,618.73,740.3,469.41,822.57,903.87
329.0,846.79,487.07,132.87,994.6,460.72,602.28,114.74,682.3,488.44,576.0,387.26,955.18,470.92
929.0,594.4,220.97,586.21,446.74,745.29,40.8,44.18,480.03,557.8,921.29,79.27,20.74,62.76
345.0,947.26,72.11,343.44,871.07,750.47,687.95,536.35,475.4,696.37,295.6,806.03,136.47,137.45
546.0,421.24,660.32,121.74,239.18,536.82,956.21,179.83,681.79,493.69,295.2,576.56,586.68,101.31
507.0,925.39,86.23,996.89,471.0,884.97,865.05,598.7,295.01,165.46,581.52,662.63,686.44,921.15
134.0,298.35,743.54,906.15,828.48,607.46,62.9,794.94,84.4,866.48,307.29,308.64,758.92,811.98
553.0,793.09,778.55,556.48,243.61,42.58,368.72,95.59,911.54,439.39,957.71,10.33,441.2,584.25
312.0,914.77,65.75,807.8,894.14,929.16,75.93,331.25,370.55,801.69,945.1,392.5,886.68,336.43
1000.0,418.25,269.94,705.88,76.48,841.98,929.92,276.78,591.67,630.29,392.73,798.44,360.29,520.63
568.0,637.94,594.52,681.08,389.75,879.86,514.75,672.05,588.53,991.16,568.87,940.95,172.08,869.65
1.0,747.69,813.47,797.69,727.77,323.29,866.26,214.78,679.37,711.41,500.37,547.99,440.3,755.59
317.0,129.36,902.42,735.08,691.57,782.46,416.08,277.5,294.47,188.87,7.88,456.96,783.24,937.27
711.0,858.39,852.5,408.96,627.42,189.39,132.96,52.45,600.78,459.45,7.31,658.6,560.46,579.6
550.0,628.71,446.5,378.27,266.57,617.9,761.42,71.88,271.61,424.71,266.26,537.25,912.52,812.04
618.0,77.96,993.14,186.38,811.28,26.6,111.33,830.39,957.82,51.83,687.89,808.0,773.08,942.35
535.0,710.46,919.63,755.99,788.53,262.06,294.67,633.44,922.33,219.94,21.98,44.51,313.49,364.89
480.0,807.31,269.42,670.51,202.66,532.48,375.63,653.42,743.09,219.79,273.88,459.88,56.26,663.49
778.0,865.31,83.11,830.3,471.9,207.91,247.48,800.16,850.36,648.51,81.31,460.16,158.91,480.2
173.0,97.19,20.45,71.43,562.59,87.53,350.85,830.93,212.91,175.67,518.73,683.49,444.19,277.17
126.0,891.12,265.54,622.42,166.8,352.52,567.76,629.79,699.05,549.68,750.99,57.54,414.95,827.68
425.0,640.09,770.44,599.68,375.69,761.16,885.5,928.6,464.77,478.7,242.72,466.94,200.22,8.24
423.0,921.84,906.85,801.83,120.11,170.95,508.92,156.71,836.02,245.1,192.65,905.61,521.95,446.45
555.0,768.29,3.2,855.1,838.42,905.45,582.56,420.04,279.44,94.36,820.5,629.86,197.66,991.43
909.0,135.04,718.95,492.41,134.56,46.86,50.94,156.59,659.81,397.1,109.78,197.09,655.19,259.29
91.0,998.67,98.69,960.4,516.06,840.96,181.44,827.09,916.23,861.59,473.27,195.92,826.93,970.9
945.0,247.69,340.96,359.72,236.32,508.16,801.81,73.9,794.78,437.84,209.04,989.86,170.7,112.85
182.0,606.57,732.2,49.54,298.26,984.93,155.0,109.12,531.1,427.83,120.72,238.91,173.27,200.46
275.0,392.6,410.63,378.08,447.11,981.78,388.63,684.81,654.46,873.61,369.77,182.41,568.42,388.31
901.0,11.26,793.91,168.01,594.56,516.69,81.32,941.51,229.21,769.24,47.23,936.3,92.76,516.79
70.0,356.53,576.59,481.53,503.21,436.52,175.98,360.9,318.25,936.06,585.87,979.99,952.35,418.1
292.0,223.52,928.17,636.27,986.78,626.2,240.23,937.3,142.79,372.08,705.23,696.62,159.65,94.42
132.0,546.45,702.77,771.73,419.91,108.79,142.83,290.52,352.11,955.86,465.29,303.38,27.91,144.57
301.0,264.66,750.14,869.4,116.18,76.6,316.83,386.49,563.41,322.28,618.03,50.78,709.23,353.21
584.0,251.2,940.39,626.75,423.49,395.19,959.89,96.81,744.15,821.57,716.53,121.28,575.26,270.19
327.0,23.67,462.05,905.07,619.62,898.15,19.83,589.32,733.38,653.93,44.45,586.49,840.94,350.76
145.0,164.24,432.94,84.38,865.94,153.15,526.95,956.22,239.76,203.32,361.08,688.8,328.95,186.97
426.0,24.07,243.6,684.27,880.36,374.81,117.09,248.71,433.26,26.01,688.4,940.05,565.9,257.48
585.0,503.99,73.04,372.84,568.84,43.87,715.46,210.6,302.58,481.54,486.34,21.3,74.18,435.09
136.0,394.79,810.14,55.25,739.88,716.18,574.52,386.87,437.68,835.4,442.67,816.21,599.32,698.44
667.0,189.93,60.54,281.0,870.39,560.92,678.07,525.56,655.32,633.23,117.83,414.52,410.38,581.34
165.0,213.83,438.26,554.51,385.23,332.16,293.47,785.65,662.18,620.64,553.95,395.78,219.65,306.68
29.0,77.0,272.7,120.26,295.93,461.27,653.93,346.85,548.97,40.93,56.32,61.54,818.79,379.47
936.0,198.21,727.78,535.07,393.2,67.33,818.82,760.81,676.24,33.28,176.33,394.33,213.65,811.26
194.0,423.17,608.19,220.43,709.33,300.74,856.57,447.35,573.52,26.85,846.47,328.21,404.13,45.07
996.0,574.03,757.44,134.93,414.24,424.6,495.13,956.94,987.41,158.21,838.01,464.23,45.24,988.24
750.0,76.03,736.56,771.05,533.97,357.94,380.55,468.1,984.53,959.65,400.48,400.34,75.08,318.88
170.0,919.72,217.25,810.19,826.79,607.79,370.32,40.26,373.64,164.18,88.28,35.03,644.2,145.18
491.0,508.4,774.53,807.32,221.12,97.02,354.03,940.63,855.39,305.78,818.8,708.22,754.2,857.17
141.0,455.29,609.99,313.99,883.85,774.02,231.31,935.45,276.61,470.79,382.77,82.64,354.31,366.39
174.0,387.39,521.89,908.1,696.05,150.32,493.08,271.15,104.3,51.07,489.06,433.47,312.5,576.93
7.0,768.45,987.81,181.23,931.22,598.89,616.62,944.49,37.84,102.47,753.68,988.96,287.24,123.41
804.0,784.63,195.48,765.89,413.32,654.02,37.35,381.91,82.42,207.16,44.39,21.09,390.55,816.55
636.0,786.69,709.11,963.3,928.28,585.61,493.36,121.86,502.12,353.08,303.74,389.15,855.12,57.95
74.0,374.84,505.58,728.8,203.68,812.41,161.16,269.02,449.77,70.65,312.19,141.42,755.15,90.85
688.0,380.58,247.32,100.9,173.42,204.44,321.08,455.6,257.27,783.15,337.24,931.01,153.03,108.96
982.0,924.83,748.16,997.32,47.76,345.28,486.95,934.22,977.72,571.02,482.6,91.01,433.91,646.26
239.0,917.07,915.0,591.84,894.93,615.3,308.88,167.63,751.08,274.52,90.94,713.43,923.13,330.35
146.0,681.62,249.92,133.53,631.26,79.19,139.39,795.65,957.99,909.67,920.66,881.8,901.95,391.37
797.0,470.98,72.49,613.79,312.3,813.25,133.5,161.57,681.52,251.72,6.13,584.27,675.62,438.5
235.0,199.52,930.88,251.57,579.18,191.33,258.08,495.82,729.93,188.59,577.48,966.54,466.21,65.4
221.0,452.4,979.33,376.42,897.07,450.09,931.25,657.11,989.26,445.91,863.21,765.36,31.79,539.22
478.0,289.2,5.12,67.58,197.36,306.29,5.42,824.51,274.06,513.3,985.92,82.74,876.32,553.1
838.0,824.39,374.33,9.62,549.53,427.66,832.32,353.49,468.68,643.61,318.73,609.48,702.54,662.71
133.0,738.51,773.91,397.0,695.66,92.71,883.06,638.52,877.58,488.44,919.05,993.68,646.61,915.29
997.0,886.26,550.03,378.85,180.48,48.23,47.02,810.06,633.21,866.87,432.56,470.79,240.74,920.84
843.0,118.69,703.47,917.77,779.51,208.02,700.99,770.69,140.69,17.36,784.37,282.77,5.78,693.51
186.0,554.11,773.37,822.71,954.43,323.37,19.73,495.51,55.92,108.54,810.14,631.19,569.08,892.73
42.0,881.2,214.08,893.49,47.14,63.29,600.05,103.34,12.03,335.3,401.42,770.38,683.17,440.23
998.0,398.08,936.81,64.91,336.66,194.15,358.87,412.16,608.31,389.4,442.01,75.15,207.24,725.85
109.0,656.2,129.79,389.02,24.31,935.12,82.06,162.44,255.28,237.68,706.5,624.9,76.68,225.72
871.0,676.22,400.77,717.94,786.91,688.57,742.45,110.7,534.73,588.07,745.03,685.76,774.76,463.71
57.0,49.31,714.19,338.71,566.23,530.01,930.14,261.34,147.55,655.56,334.98,383.55,130.42,304.46
531.0,698.62,890.25,428.48,245.33,11.48,856.71,509.6,79.63,32.96,667.65,948.38,174.26,526.87
923.0,333.43,267.36,638.44,844.11,262.35,145.5,115.58,769.73,496.54,112.71,402.6,30.88,85.6
604.0,358.24,676.49,272.85,914.24,511.09,25.25,422.71,242.03,551.54,556.86,380.59,512.29,641.39
866.0,652.36,5.58,592.82,235.31,785.49,389.79,497.47,287.88,587.57,72.02,31.25,420.32,257.12
25.0,832.06,910.0,150.35,479.42,641.39,422.71,113.06,455.46,174.94,120.35,41.14,205.85,786.97
651.0,742.46,242.21,372.21,524.41,304.21,647.89,798.14,636.36,102.15,979.6,809.59,673.52,662.57
449.0,659.41,36.26,405.08,654.52,486.51,403.61,202.64,216.12,724.14,338.72,455.21,172.19,864.24
534.0,68.86,709.49,886.0,947.55,645.02,182.26,99.69,265.28,303.7,576.29,260.9,958.26,20.85
623.0,839.18,588.37,451.21,481.47,835.63,351.49,686.97,600.19,828.13,60.69,294.38,168.99,432.51
753.0,692.99,636.84,277.98,980.73,493.01,744.78,845.98,2.46,401.89,320.0,514.23,326.36,28.35
932.0,602.48,116.46,641.72,449.51,898.3,977.96,563.58,234.95,670.11,455.77,661.77,877.36,301.58
339.0,826.05,639.78,346.16,405.93,419.53,705.35,297.27,68.59,85.0,806.09,879.84,569.55,240.79
52.0,582.05,132.68,664.9,218.53,555.57,575.63,250.97,38.88,433.5,372.74,537.12,276.9,158.6
668.0,582.26,175.14,36.64,584.94,402.67,291.78,394.14,589.73,670.4,93.9,594.89,876.42,713.88
519.0,768.03,857.23,379.63,852.97,203.54,198.03,251.38,459.22,632.29,990.13,83.29,636.33,362.53
926.0,950.97,869.56,100.54,559.89,137.31,72.79,410.68,86.45,612.53,849.19,763.39,153.95,703.89
637.0,709.9,370.23,433.95,774.2,199.3,352.49,476.02,290.99,977.41,934.43,349.96,502.39,457.26
265.0,445.68,454.78,776.28,854.04,130.28,614.01,668.95,982.96,968.62,1.72,723.93,818.52,915.0
540.0,219.58,229.49,731.95,44.18,794.48,689.72,553.84,579.8,524.2,175.96,865.82,717.27,80.45
715.0,16.18,702.0,189.69,445.09,879.01,415.44,778.81,366.35,379.4,791.05,895.8,214.79,858.16
959.0,725.56,474.52,290.71,103.59,250.24,868.51,435.09,147.68,644.55,633.09,327.75,94.29,955.81
952.0,676.06,868.64,775.86,855.75,628.22,161.74,344.58,934.07,63.73,457.38,189.42,513.67,840.97
894.0,680.3,823.21,702.03,282.42,281.86,623.75,7.32,395.96,921.21,308.49,981.05,528.87,971.57
450.0,961.26,853.32,158.45,232.84,822.81,46.33,224.63,525.62,482.47,427.14,508.41,911.6,364.65
19.0,181.71,469.84,694.77,161.57,964.42,172.85,551.76,938.13,935.71,632.03,776.34,183.32,405.46
897.0,426.39,235.0,752.91,785.03,692.16,371.19,135.92,956.0,455.55,298.84,327.23,272.52,234.92
486.0,773.2,938.25,713.0,848.08,957.76,36.99,136.58,122.17,847.76,764.36,609.48,31.78,40.86
571.0,362.08,122.67,481.36,875.66,489.16,550.7,732.3,624.65,152.97,419.12,859.45,173.96,622.24
4.2,2.78,26.1,30.11,81.58,30394.56,53710460.0,4.2,2.78,26.1,30.11,51407604.0,4132.84,437.36
368.0,807.78,414.64,701.63,904.6,257.82,171.34,538.63,277.9,34.96,330.88,630.75,795.4,769.87
84.0,30.17,334.79,754.31,399.32,290.89,826.0,574.81,406.31,352.05,740.01,22.19,914.63,410.51
62.0,259.78,31.94,488.92,125.89,657.24,82.24,130.62,962.35,754.81,26.9,675.14,848.07,757.25
440.0,503.65,935.91,275.5,86.15,699.25,931.43,304.88,123.98,464.54,196.63,757.72,544.43,316.13
273.0,369.9,357.85,872.06,65.22,486.79,360.46,357.37,482.31,339.33,49.12,926.49,608.04,352.02
286.0,267.86,921.15,550.89,272.8,867.75,685.35,464.4,927.31,923.34,876.16,137.22,616.53,436.09
361.0,92.17,709.65,920.01,52.88,419.09,539.54,622.46,642.38,191.85,616.34,973.41,61.66,491.61
355.0,294.79,908.74,580.52,505.75,249.05,494.21,212.86,789.32,474.69,12.91,571.54,811.63,222.13
993.0,548.98,673.42,173.67,689.38,306.76,206.05,358.56,598.79,61.22,166.47,449.53,49.92,898.09
279.0,888.57,601.23,478.95,461.6,335.13,749.46,508.55,985.27,305.64,250.9,988.03,948.19,687.49
13.0,959.3,817.72,197.08,138.96,161.22,266.09,173.98,76.33,483.13,301.75,640.31,854.76,952.16
183.0,86.84,427.1,567.43,999.29,191.64,487.23,534.99,64.4,724.91,642.76,726.12,76.25,293.9
369.0,647.8,709.05,431.54,694.19,680.08,58.76,50.31,723.46,824.52,449.59,400.36,368.31,51.45
495.0,704.5,382.82,665.66,989.79,501.4,455.27,549.23,411.31,205.76,321.26,718.46,731.58,380.77
801.0,626.61,102.93,77.36,111.98,245.6,183.77,80.39,481.32,866.68,23.19,968.4,812.48,882.65
224.0,542.3,305.02,53.68,196.26,944.32,153.04,721.28,457.25,180.25,354.16,5.73,828.01,554.4
576.0,585.3,398.82,533.54,893.52,290.57,31.12,878.6,279.74,613.12,78.9,835.23,394.47,874.81
704.0,866.6,47.68,294.84,482.1,795.9,949.8,798.36,508.04,649.89,76.18,827.23,915.98,585.56
588.0,943.3,331.65,292.79,609.02,675.38,465.32,274.12,609.16,459.75,200.13,341.28,781.82,15.84
548.0,43.73,341.59,95.15,444.14,6.99,877.22,133.1,534.62,885.08,419.22,833.67,692.5,994.89
676.0,646.12,8.5,809.0,666.43,132.42,117.59,804.08,709.28,65.88,117.78,581.28,848.57,342.55
756.0,195.48,409.94,332.38,886.13,487.84,976.05,421.57,975.45,478.59,617.65,294.14,792.9,81.75
177.0,404.16,684.22,149.77,134.89,331.38,55.75,396.05,260.32,151.23,701.89,765.58,11.84,707.76
670.0,17.62,359.82,967.04,507.36,778.55,934.27,309.83,279.45,344.63,206.36,191.16,350.32,614.3
632.0,745.37,63.89,619.6,792.15,933.2,942.38,933.12,660.75,479.59,800.44,307.56,827.26,6.69
590.0,11.74,88.59,284.0,176.11,42.79,197.39,907.31,866.51,239.67,99.66,713.55,364.14,213.82
523.0,795.5,596.24,242.55,474.22,533.55,589.53,636.81,89.41,653.15,116.88,355.43,832.75,287.8
394.0,899.22,11.06,294.62,20.2,996.49,811.1,443.98,189.1,530.04,883.13,178.05,591.53,698.6
164.0,791.33,437.54,757.59,766.73,454.08,415.76,437.18,637.7,395.32,787.46,753.46,61.13,819.46
249.0,966.34,563.74,161.03,994.91,517.88,338.28,928.21,1.79,434.58,29.91,895.23,319.42,297.02
639.0,414.21,202.11,546.52,963.02,568.67,249.21,53.16,576.87,223.22,799.53,43.22,232.76,434.9
891.0,493.95,721.79,237.19,736.83,321.24,713.38,748.33,176.61,922.12,159.68,827.7,752.16,816.45
674.0,107.03,732.06,845.73,595.44,831.07,867.59,8.17,307.86,224.88,738.26,289.25,163.8,267.85
376.0,225.7,318.25,845.7,990.05,64.45,214.6,575.35,750.04,833.52,908.88,710.87,676.51,126.13
413.0,532.77,455.99,181.38,951.66,704.59,324.96,694.86,629.65,854.82,204.48,893.84,456.24,182.94
75.0,777.22,513.58,783.24,760.44,292.46,99.09,580.89,381.69,739.69,363.67,440.3,623.73,143.16
114.0,914.25,703.35,463.59,540.42,494.17,595.4,237.29,914.94,987.48,781.48,824.14,632.76,794.13
573.0,381.88,812.49,56.12,686.17,380.18,411.79,241.88,505.21,906.0,308.58,996.01,919.47,183.57
644.0,51.77,806.7,620.06,814.1,261.44,367.48,674.57,97.46,69.46,136.81,341.02,592.43,229.86
391.0,484.2,371.58,371.14,533.22,851.7,131.88,501.87,149.74,148.25,328.22,572.24,423.59,405.44
105.0,118.17,914.98,537.5,295.87,783.28,697.67,648.04,87.68,233.85,778.37,817.5,733.18,641.6
115.0,408.95,482.21,712.06,543.03,2.45,825.39,149.2,902.11,436.81,74.17,363.1,694.7,611.66
418.0,616.11,458.65,421.59,260.79,471.5,261.55,950.07,358.14,909.8,230.65,849.2,188.32,365.55
713.0,600.68,484.35,861.51,642.07,966.47,276.85,194.13,919.25,116.59,638.98,174.23,808.78,518.48
458.0,356.09,749.11,420.17,107.16,973.48,755.07,297.84,446.34,724.74,336.83,479.58,786.2,228.97
410.0,814.81,843.0,782.03,994.63,836.27,133.82,989.93,423.25,844.53,854.39,560.62,347.17,792.67
93.0,756.77,627.62,237.74,421.94,804.21,794.33,463.54,224.16,144.0,777.37,516.86,697.6,822.75
955.0,91.28,160.85,274.54,864.2,780.41,344.38,322.19,764.99,787.79,323.78,232.9,528.43,992.0
90.0,538.86,651.01,996.33,592.77,556.43,477.21,271.38,881.23,124.74,190.25,499.93,912.4,301.97
337.0,257.36,375.35,535.97,97.04,827.23,550.42,763.78,185.52,605.09,721.43,874.69,115.74,10.63
995.0,93.93,637.88,629.52,474.68,825.59,673.01,558.25,421.42,494.83,542.58,632.25,929.55,960.05
927.0,286.13,541.96,156.87,201.6,320.7,621.09,723.82,388.31,97.03,53.26,581.42,193.94,407.42
939.0,939.24,627.56,266.38,421.83,44.55,155.5,398.64,628.84,498.25,174.95,939.03,472.33,921.74
902.0,314.08,80.84,23.6,990.03,829.61,163.08,880.97,175.81,98.48,301.71,327.2,530.52,74.76
598.0,30.37,641.21,536.76,252.47,954.14,854.08,957.91,37.18,473.79,347.15,514.61,446.51,143.56
616.0,738.43,242.61,857.23,225.84,654.04,686.6,167.42,538.69,695.43,270.62,658.27,954.33,371.32
95.0,832.12,666.46,788.49,858.79,392.54,994.5,443.01,352.54,918.56,272.56,766.33,576.0,64.79
12.0,302.73,359.39,918.96,33.45,926.07,508.94,762.33,483.04,425.01,86.48,293.38,597.32,948.39
397.0,500.23,577.21,456.64,140.66,504.98,454.27,272.27,53.42,377.02,14.83,890.62,512.08,801.19
536.0,290.12,229.87,120.85,878.85,497.38,759.06,852.69,864.67,686.6,389.14,887.51,739.37,259.04
44.0,459.46,283.08,762.71,19.74,624.76,797.46,454.69,281.72,918.65,956.99,345.57,779.17,836.92
43.0,691.04,586.69,626.34,850.86,863.48,640.93,407.08,525.08,79.96,624.44,395.61,308.37,441.05
330.0,226.56,318.5,634.95,85.62,199.53,274.17,541.78,414.84,316.33,612.54,24.87,637.59,303.18
168.0,364.43,418.19,84.55,13.28,490.39,131.44,526.32,972.56,955.91,660.26,724.07,763.64,750.27
500.0,927.06,515.71,382.24,215.37,933.64,595.14,682.21,106.89,802.28,139.25,615.97,90.4,894.59
882.0,740.16,368.05,29.64,595.81,293.97,820.47,762.18,526.1,128.68,909.45,633.45,123.03,762.53
602.0,690.89,815.98,913.06,533.2,291.22,788.58,307.6,473.49,431.91,586.24,451.86,564.08,157.99
761.0,713.97,771.23,672.62,117.49,981.74,906.68,225.15,226.67,839.65,897.35,241.78,357.15,845.68
101.0,970.64,610.56,887.91,374.22,845.0,979.0,143.76,454.36,360.04,659.14,105.53,433.23,451.77
427.0,610.32,199.66,283.42,616.66,780.98,994.03,535.45,410.03,578.32,331.1,532.54,850.41,976.07
179.0,250.97,152.32,998.88,843.8,212.18,718.53,919.2,698.37,441.91,614.68,229.23,340.03,967.27
445.0,567.48,544.03,960.81,884.54,47.14,921.25,52.09,209.96,954.33,867.38,116.07,890.78,363.84
417.0,693.82,694.77,347.77,322.05,27.82,645.14,54.04,840.39,272.18,238.97,492.13,766.24,650.41
766.0,539.62,702.77,513.67,256.51,445.43,996.84,296.9,7.34,770.68,379.48,293.14,342.15,388.88
888.0,326.26,359.32,414.32,533.95,454.35,284.61,987.05,368.86,884.94,683.21,566.85,199.93,536.05
663.0,572.6,42.09,453.18,592.61,297.57,586.36,556.13,314.8,775.65,520.92,663.95,469.27,858.79
178.0,48.44,861.96,30.5,179.3,341.72,122.19,110.01,363.4,523.77,358.75,651.21,456.39,927.56
396.0,289.37,434.74,601.76,67.6,543.78,549.4,874.84,699.01,18.21,281.51,633.32,319.82,91.07
681.0,761.69,988.38,470.62,954.18,436.65,884.16,496.8,395.36,519.52,35.3,658.56,916.05,901.22
799.0,101.76,427.93,216.57,197.19,888.78,888.79,526.48,556.58,789.24,418.98,832.55,491.4,35.43
967.0,330.01,538.82,885.15,121.2,728.75,205.15,914.93,379.68,218.43,925.91,847.77,881.37,584.76
689.0,212.31,78.92,712.4,764.93,99.83,436.98,207.2,14.97,146.62,438.46,850.24,599.59,635.46
384.0,851.16,318.5,714.95,216.12,497.9,122.88,963.42,405.74,402.68,671.32,454.21,962.04,566.39
963.0,931.49,371.39,584.54,865.71,189.54,122.64,468.46,393.04,185.59,791.76,618.56,420.8,866.6
617.0,291.6,285.53,536.65,758.23,80.16,109.48,659.88,392.03,219.7,327.02,421.48,737.21,281.17
258.0,433.22,808.19,601.81,162.93,951.64,506.48,96.48,405.25,72.08,133.69,306.59,959.39,975.23
336.0,329.39,958.57,132.09,454.77,297.97,216.49,272.77,241.46,817.63,76.52,151.26,656.42,387.71
16.0,287.26,162.51,592.37,575.78,666.03,477.68,79.3,309.09,70.92,935.55,913.22,259.11,659.98
634.0,869.41,501.94,126.53,765.52,909.61,15.4,257.63,793.93,864.1,529.08,172.07,252.69,72.56
325.0,110.36,662.16,301.02,91.15,791.14,981.51,901.12,898.48,104.55,91.13,59.51,164.23,582.47
763.0,166.8,453.86,84.64,452.84,695.03,43.53,247.96,476.17,31.38,612.43,116.61,723.21,613.58
223.0,784.05,321.32,58.24,583.33,876.08,255.56,967.39,923.43,156.26,493.96,380.71,587.45,933.76
180.0,881.95,598.07,210.77,358.11,637.29,916.42,340.83,807.95,214.54,0.73,158.13,672.85,597.82
990.0,205.75,569.62,185.9,229.33,760.15,508.93,860.39,474.52,287.18,441.24,517.51,574.82,113.12
23.0,304.15,61.44,864.79,852.17,388.33,602.65,376.96,101.0,468.79,541.21,415.63,631.77,573.27
357.0,786.15,656.36,3.84,88.48,211.82,82.6,437.27,972.02,428.69,980.35,327.88,83.13,177.91
671.0,943.0,651.39,742.1,432.47,309.81,970.09,225.74,488.26,767.2,677.85,750.57,251.03,339.53
867.0,141.98,994.7,945.84,563.05,281.94,739.22,155.8,405.15,440.04,635.75,133.6,971.44,880.06
341.0,933.86,66.46,11.49,336.83,692.96,617.24,723.46,883.58,704.24,956.69,616.69,510.67,767.42
432.0,331.61,12.62,662.35,970.48,295.32,546.96,578.14,145.89,549.18,808.62,424.2,102.42,612.49
831.0,569.99,926.35,573.82,924.3,77.24,699.74,92.62,575.56,921.54,394.82,139.41,241.16,587.83
880.0,107.56,681.38,695.61,350.17,37.73,951.88,877.5,352.0,519.29,973.46,878.55,842.44,744.23
204.0,471.41,466.13,866.48,231.12,156.06,256.57,98.29,999.48,359.09,41.67,843.85,600.87,427.4
635.0,708.2,852.74,809.84,96.7,367.47,380.72,473.88,118.71,480.95,526.77,115.97,47.45,140.74
94.0,12.87,730.03,826.01,886.26,302.92,965.5,319.23,849.74,519.37,712.05,478.25,394.84,382.53
968.0,927.19,613.77,228.31,107.35,856.61,925.25,564.61,532.9,641.43,98.27,589.75,305.19,197.46
69.0,915.31,242.31,604.36,446.05,602.73,571.43,94.23,589.86,136.34,916.31,635.8,579.36,477.51
627.0,180.37,737.22,733.72,484.65,898.05,829.71,780.69,734.89,597.69,293.06,767.14,241.77,446.21
285.0,985.34,372.87,445.88,898.7,596.79,376.71,682.11,726.79,924.7,806.61,846.56,525.67,619.12
810.0,50.57,47.3,329.27,105.88,111.62,720.76,620.86,599.89,400.33,304.31,555.15,705.49,409.03
435.0,984.29,853.42,730.7,778.72,499.81,204.62,890.99,665.14,462.56,952.14,467.58,418.42,837.49
154.0,538.57,171.53,58.46,564.25,438.95,848.18,678.29,815.53,783.12,716.28,401.12,36.65,861.68
76.0,770.7,157.51,786.34,178.71,537.92,220.19,750.93,319.04,381.52,740.3,831.84,429.86,282.15
735.0,359.78,852.18,423.77,148.43,311.29,930.01,39.58,709.77,626.11,934.88,227.91,643.51,838.95
447.0,329.55,149.59,55.47,387.89,584.83,492.88,98.35,513.92,54.78,101.32,606.5,619.29,140.13
189.0,9.18,798.55,447.13,633.28,965.24,162.43,637.42,546.61,718.98,63.31,370.25,400.89,295.71
272.0,779.56,888.95,600.68,62.67,97.71,776.76,369.18,511.64,463.74,253.4,774.99,7.49,770.42
237.0,590.91,375.35,701.6,780.3,272.17,968.63,382.77,536.06,811.77,384.41,222.02,14.95,342.17
488.0,298.17,99.0,303.4,442.1,717.17,410.34,717.64,540.35,222.41,375.49,634.68,559.67,438.18
118.0,854.64,492.02,70.64,669.37,383.93,588.88,735.6,395.18,47.35,779.17,850.6,920.91,589.91
824.0,234.5,803.64,566.84,649.94,536.45,88.62,195.45,233.13,331.11,857.3,372.21,446.12,795.72
513.0,470.7,280.76,508.65,334.23,72.75,32.35,690.92,756.03,988.35,125.76,283.81,32.67,650.33
800.0,122.58,680.75,682.84,138.79,434.15,872.08,20.72,12.01,148.16,925.19,331.43,836.74,25.41
596.0,905.72,643.57,667.15,140.55,281.46,371.58,812.51,752.87,710.43,755.98,785.76,584.57,597.0
127.0,583.63,827.56,250.04,123.19,136.53,28.13,803.9,285.96,594.39,696.96,149.38,662.67,247.78
117.0,505.09,713.36,3.32,813.3,984.58,159.11,473.78,43.26,382.55,190.13,614.16,856.2,971.49
474.0,364.63,660.62,885.01,995.19,712.61,970.62,125.77,336.19,635.54,382.95,770.35,756.64,534.9
698.0,15.02,968.55,857.52,967.49,596.22,927.24,74.03,336.53,701.53,568.76,25.44,392.41,466.92
58.0,301.44,11.6,863.68,418.21,695.33,649.9,453.83,564.72,449.56,651.82,948.8,84.15,852.21
679.0,907.89,565.11,354.89,565.52,582.05,306.07,575.59,485.62,147.57,208.75,983.32,968.64,328.22
918.0,926.98,130.47,928.69,500.03,219.88,487.06,506.02,272.68,731.35,126.05,417.59,95.36,955.17
370.0,613.94,779.34,75.39,370.74,476.79,4.83,545.09,719.05,324.18,782.75,667.23,398.91,195.07
269.0,688.56,261.08,700.1,110.24,812.44,508.25,143.89,116.94,862.17,563.5,942.14,885.25,476.18
47.0,850.07,270.48,609.91,86.23,360.16,774.84,280.15,371.72,502.41,201.67,298.41,388.3,437.33
350.0,882.26,533.37,95.56,873.57,154.39,810.69,518.5,730.38,968.97,567.49,772.94,495.04,705.81
196.0,921.52,364.96,279.24,884.81,641.05,461.13,562.22,113.41,32.82,632.17,501.62,137.71,133.79
4.34,3.49,26.48,30.27,411.47,75552.43,55554888.0,4.34,3.49,26.48,30.27,51415612.0,761.28,700.44
858.0,61.36,826.0,163.77,105.0,520.5,368.55,794.88,349.4,290.26,682.3,516.04,375.52,589.08
741.0,412.6,502.15,84.32,394.71,458.26,926.54,674.16,666.58,558.71,504.39,992.97,905.87,469.02
264.0,442.01,992.88,217.18,577.09,95.19,555.13,726.78,24.13,375.95,633.31,753.72,468.77,887.93
444.0,58.4,729.86,958.48,945.04,214.73,19.52,992.75,141.22,540.39,620.49,805.33,15.59,657.53
680.0,973.51,355.27,679.09,398.85,687.47,3.45,953.26,772.46,399.51,720.39,892.1,87.25,258.46
305.0,418.02,348.31,175.74,713.09,413.28,35.41,651.59,195.81,35.64,39.88,246.46,769.98,761.98
342.0,465.8,204.42,993.08,38.86,214.88,613.29,868.44,522.67,126.43,66.92,893.4,348.85,220.41
603.0,179.34,288.98,165.25,419.19,624.25,432.45,448.83,419.85,34.08,986.01,760.94,484.45,262.39
973.0,812.01,110.65,953.47,231.61,597.15,306.3,419.95,139.5,12.37,546.52,224.77,531.4,312.56
150.0,746.77,48.54,524.31,735.09,57.05,968.53,925.2,200.38,716.81,378.29,594.95,611.36,91.9
125.0,189.98,696.92,127.95,182.37,650.42,279.37,964.07,245.04,14.95,89.11,888.74,770.28,776.8
791.0,269.99,650.77,776.76,491.99,924.28,750.23,340.97,574.7,639.79,203.01,345.22,687.31,324.81
828.0,775.49,978.99,31.33,636.06,847.2,852.96,131.37,120.96,552.8,155.08,233.13,47.93,347.14
51.0,375.39,545.79,428.34,139.35,887.41,494.16,144.32,742.51,76.78,75.92,488.07,984.81,501.08
354.0,524.08,334.66,945.3,383.4,440.5,715.27,584.64,662.84,920.68,221.32,538.37,226.83,305.83
933.0,35.44,674.48,755.27,282.32,644.7,946.09,1.81,476.97,971.14,826.11,511.44,187.49,709.49
143.0,332.56,88.3,78.89,758.46,957.98,375.09,756.07,376.37,886.86,128.9,740.14,244.63,362.45
471.0,165.66,320.58,344.79,386.59,379.1,846.08,313.84,236.79,645.66,403.19,510.16,886.16,164.07
400.0,790.44,257.54,899.31,848.3,240.34,768.37,744.0,59.57,825.9,391.29,884.94,680.11,73.51
630.0,240.38,764.28,369.04,897.6,992.22,579.38,266.59,18.8,818.56,269.49,475.95,603.76,501.57
321.0,832.54,414.76,807.96,890.6,784.14,656.4,951.37,752.43,864.69,840.4,497.77,274.02,487.91
20.0,994.03,563.54,260.52,485.66,860.62,952.39,70.9,128.41,356.94,659.13,230.3,650.09,466.76
815.0,966.55,379.36,876.94,540.38,363.65,447.78,305.11,581.8,192.7,496.19,588.4,246.45,745.06
835.0,659.85,159.21,221.88,951.47,99.45,975.28,556.26,287.97,541.16,880.96,53.86,284.4,225.75
814.0,354.15,993.03,159.29,115.08,745.38,65.87,986.13,413.71,42.88,41.44,681.65,862.02,952.6
408.0,829.09,626.86,148.21,89.69,470.72,615.46,287.62,787.23,205.76,996.84,799.79,745.1,167.81
538.0,636.29,532.25,487.98,800.89,365.36,568.62,225.0,637.45,471.06,961.56,624.41,261.45,887.11
869.0,146.11,753.16,520.83,550.92,512.99,441.26,206.65,982.62,808.4,370.37,959.24,309.13,64.84
39.0,17.65,600.61,434.56,583.94,256.67,385.09,932.99,573.26,725.08,551.91,575.35,73.7,228.62
176.0,610.11,35.2,735.84,596.64,596.64,445.34,198.7,807.15,993.83,163.81,882.48,109.2,478.19
246.0,361.45,77.35,211.54,762.71,600.12,180.05,26.29,919.16,240.62,197.75,588.05,482.79,636.78
834.0,217.0,637.91,566.91,659.85,425.71,631.66,74.7,342.26,522.85,769.13,279.61,456.36,378.79
738.0,788.39,493.48,545.03,318.73,341.45,571.34,175.3,280.93,349.47,459.98,5.86,251.0,840.86
759.0,362.11,301.77,156.51,1.31,930.89,329.87,474.58,176.61,540.64,508.43,582.98,373.0,172.55
864.0,517.12,99.93,805.86,181.88,535.39,274.93,439.17,924.89,154.91,284.41,2.3,458.77,205.37
155.0,71.55,508.23,404.02,192.73,663.88,832.65,347.84,221.29,842.5,968.94,476.53,309.36,179.93
288.0,135.15,546.21,259.0,575.38,233.74,184.15,406.72,152.8,261.66,980.63,182.09,390.96,315.61
614.0,396.4,215.13,504.44,285.63,488.66,507.1,367.84,240.34,756.79,521.45,76.51,571.91,691.26
570.0,266.64,583.83,527.85,620.8,976.25,790.02,799.72,428.16,320.04,341.36,974.18,575.03,587.01
970.0,445.74,999.98,148.73,925.31,479.88,64.13,775.05,306.83,164.35,777.06,854.7,307.15,472.66
18.0,881.43,627.55,220.59,268.94,118.33,624.68,526.61,59.44,105.79,149.49,793.78,612.83,375.23
128.0,327.14,508.74,254.99,512.17,512.77,483.01,632.87,701.14,213.46,487.93,623.25,918.45,241.46
323.0,765.32,244.7,587.33,467.55,479.54,510.63,535.77,303.71,120.76,603.11,952.7,833.66,436.21
256.0,327.44,656.06,157.81,486.58,139.14,86.95,929.33,107.07,676.49,463.91,886.27,64.65,579.01
986.0,595.46,694.41,520.71,941.38,866.78,964.09,270.41,979.64,407.38,657.51,861.2,777.7,969.46
971.0,519.66,126.9,828.65,609.77,494.7,848.68,421.66,179.44,161.88,126.12,516.53,116.73,292.63
191.0,155.28,380.42,60.63,176.79,577.95,617.93,990.54,993.26,988.34,3.41,543.39,187.89,1.51
116.0,235.18,716.43,144.75,969.81,304.09,517.01,154.16,578.9,289.47,800.94,282.14,193.04,202.66
621.0,306.67,289.6,612.25,660.24,314.78,516.21,440.96,726.81,313.02,641.67,57.66,874.04,971.98
607.0,914.68,4.47,652.8,632.87,301.97,784.97,363.85,939.43,587.58,211.81,941.4,258.86,406.54
181.0,83.88,574.09,778.37,246.28,698.98,738.62,777.43,852.73,771.13,136.71,162.3,183.71,27.79
302.0,304.79,30.12,463.69,494.53,989.03,487.78,817.85,493.41,430.09,239.2,675.68,211.72,380.57
890.0,84.64,717.14,300.13,212.27,789.98,596.1,924.56,223.76,382.18,571.79,639.57,864.83,169.19
717.0,456.57,968.6,441.71,247.09,480.86,217.52,738.56,748.85,994.78,105.87,965.43,121.74,316.89
851.0,424.99,756.49,488.4,338.62,652.29,382.65,146.72,558.63,600.14,223.31,25.26,389.44,165.73
690.0,691.64,410.34,935.67,910.66,671.24,607.79,771.69,520.87,703.95,266.17,652.21,153.12,194.41
666.0,569.95,296.76,422.67,191.0,239.58,939.69,998.19,162.23,952.17,125.57,877.63,574.41,363.9
518.0,786.92,925.94,466.22,40.25,667.16,33.54,489.9,736.76,617.35,574.73,672.51,11.13,913.27
991.0,429.3,472.51,863.44,379.95,966.93,186.38,516.06,69.07,280.56,580.16,17.51,255.11,222.16
46.0,506.54,787.7,300.45,854.89,421.39,648.21,36.74,363.73,103.69,835.8,695.5,474.61,5.81
915.0,406.23,347.32,603.71,931.58,440.67,70.11,534.02,951.69,118.82,759.5,309.73,864.7,744.54
158.0,786.91,241.38,107.42,771.22,83.81,372.42,444.7,242.91,453.74,885.52,30.4,473.57,922.68
949.0,659.84,88.54,611.87,53.92,608.24,662.43,865.17,726.81,435.74,844.43,315.74,834.35,115.61
172.0,683.4,567.29,682.88,292.83,254.22,609.06,127.96,863.26,902.24,64.75,134.44,670.38,682.1
17.0,438.93,467.89,799.69,83.48,575.74,123.24,995.1,151.07,492.69,930.36,294.41,787.86,622.99
512.0,238.32,874.25,511.57,962.46,889.4,871.84,4.57,398.17,177.63,423.55,758.66,438.96,580.37
49.0,620.94,511.92,497.21,340.42,282.29,995.33,91.61,831.88,176.5,456.19,656.26,386.92,310.77
978.0,882.64,14.55,688.72,625.24,624.43,346.21,345.23,215.64,695.05,822.13,842.58,246.75,544.11
846.0,173.47,528.17,137.91,598.77,938.58,954.84,858.94,679.76,700.05,315.02,123.85,329.44,538.06
516.0,822.88,510.33,800.39,189.4,909.18,219.18,467.12,971.45,571.31,522.67,584.4,179.4,43.73
829.0,460.15,318.54,478.01,942.88,378.66,643.59,512.03,629.82,617.72,648.22,863.19,776.7,409.06
481.0,902.02,96.64,846.36,901.08,17.52,30.25,404.24,796.27,362.16,192.71,249.85,773.17,955.89
284.0,353.12,142.94,442.67,659.74,34.56,265.58,86.99,298.03,95.38,235.8,804.27,759.85,880.98
723.0,905.23,376.31,593.59,568.18,494.65,968.96,576.15,391.89,812.74,210.97,831.18,714.94,384.66
685.0,362.04,854.73,972.24,720.67,175.98,962.69,261.09,746.21,306.77,62.78,470.82,781.75,720.48
226.0,527.33,244.05,397.55,901.3,139.07,751.42,812.21,847.76,216.97,534.01,858.79,354.16,811.86
27.0,326.4,776.76,898.5,323.84,654.67,840.15,158.16,190.87,250.92,693.2,475.0,147.97,131.44
787.0,551.89,129.45,26.45,722.78,279.62,576.43,603.19,192.92,409.17,293.24,439.98,912.6,369.19
438.0,137.27,322.45,560.61,645.55,688.27,817.08,951.99,651.56,372.16,58.58,689.13,696.09,660.68
957.0,864.1,250.83,801.29,338.57,226.72,263.23,320.96,340.52,462.97,713.36,555.31,252.88,311.28
365.0,149.77,1.7,535.69,853.08,48.35,528.01,101.32,175.23,762.32,947.34,389.23,906.71,303.66
230.0,3.37,363.02,262.31,163.33,835.4,874.99,814.81,48.26,49.72,352.59,903.81,863.26,669.65
38.0,575.86,279.64,32.75,320.77,758.29,988.12,974.17,584.27,431.67,81.33,464.59,366.33,738.16
972.0,748.17,916.98,796.08,65.94,16.59,292.54,353.02,928.35,933.71,916.25,326.97,957.67,84.03
375.0,134.51,248.24,375.46,700.67,446.01,390.76,322.96,543.04,687.0,296.37,314.04,239.99,274.46
470.0,846.87,166.63,177.47,309.41,942.74,90.4,794.94,60.63,134.33,922.42,728.48,735.37,506.16
974.0,402.47,454.63,493.87,584.03,368.33,336.89,668.65,829.53,496.0,743.74,367.85,159.67,336.72
856.0,595.36,544.11,157.66,879.14,223.26,727.62,252.61,997.47,289.13,317.83,518.4,625.99,131.13
709.0,474.37,182.38,342.52,715.23,441.55,45.16,851.42,426.39,35.93,611.16,953.51,171.99,508.97
845.0,783.48,444.99,512.6,352.03,343.14,709.01,81.18,841.64,109.23,623.12,94.56,605.21,726.97
195.0,980.74,624.06,650.52,839.99,188.96,28.34,230.37,628.14,110.1,808.7,371.48,678.89,863.9
860.0,774.85,621.76,707.72,576.99,925.69,684.96,55.03,69.02,770.83,322.2,542.25,982.59,464.52
870.0,259.63,938.08,546.16,387.85,730.77,665.55,298.8,521.4,974.64,328.77,137.26,978.61,910.3
504.0,592.72,317.86,159.78,916.59,110.39,809.21,831.75,471.5,477.07,527.74,393.28,899.78,833.9
976.0,359.18,796.9,615.38,469.85,508.26,271.67,742.17,463.68,881.96,633.59,647.43,488.56,669.33
836.0,644.93,199.06,385.98,649.21,303.2,810.99,693.33,530.05,758.56,413.75,663.72,44.67,300.06
580.0,366.42,955.0,995.47,776.99,89.4,511.12,957.98,339.45,198.1,563.6,483.58,30.95,359.39
975.0,120.13,926.94,414.12,463.75,344.56,967.73,643.33,276.4,0.23,625.69,379.07,123.19,182.94
163.0,793.43,549.81,370.34,381.04,965.87,21.63,488.45,7.01,557.86,80.9,972.65,107.65,149.42
707.0,159.19,530.09,957.89,354.13,173.7,785.18,574.43,352.0,515.27,785.68,47.97,419.52,861.3
153.0,136.52,663.34,764.04,93.06,733.21,265.08,318.69,830.0,741.4,9.28,853.47,45.95,32.13
686.0,156.11,72.62,810.42,445.15,132.59,626.25,56.59,293.56,339.34,837.62,565.9,399.98,94.22
705.0,69.48,900.34,373.67,93.24,886.36,988.55,383.87,202.56,936.42,260.77,832.07,257.77,727.55
760.0,512.11,442.87,497.16,254.47,294.1,539.7,729.19,379.14,645.31,756.65,633.38,915.85,925.68
112.0,911.45,331.48,315.7,955.83,590.36,704.42,838.82,226.28,503.37,74.73,160.61,712.52,29.77
227.0,753.84,447.03,218.23,165.24,922.78,111.4,170.0,969.45,208.75,817.46,702.06,187.4,189.01
693.0,915.76,434.92,167.54,858.32,22.94,684.64,300.06,785.69,843.37,584.48,370.43,269.67,104.38
104.0,382.36,943.14,54.07,382.03,348.14,750.11,650.25,322.14,974.99,48.59,431.11,820.91,575.36
422.0,740.86,344.25,662.6,733.94,482.44,285.75,936.16,658.76,612.19,261.92,655.19,712.6,644.33
420.0,105.2,288.91,809.8,845.89,953.95,485.49,22.02,733.1,421.77,589.59,595.23,566.74,712.62
755.0,149.79,174.48,306.44,167.78,567.14,512.79,473.81,323.42,857.55,10.84,164.41,119.24,731.44
587.0,523.64,255.61,718.5,22.49,571.2,318.99,440.25,430.86,877.14,963.07,72.8,230.19,625.38
785.0,0.82,262.19,229.63,205.65,382.46,98.15,843.5,831.66,245.01,372.65,369.7,243.35,230.71
673.0,371.3,276.8,929.19,557.35,905.0,410.13,399.22,275.03,629.88,959.93,560.43,954.67,631.19
120.0,276.82,731.5,668.56,54.45,746.23,631.15,457.1,54.15,267.5,540.11,686.64,916.34,317.74
54.0,756.48,311.08,834.57,282.25,776.55,241.56,697.25,107.27,264.77,732.98,893.84,899.5,931.91
152.0,992.05,232.32,413.39,432.44,940.24,269.78,367.24,18.26,592.08,228.96,873.55,25.76,771.66
404.0,270.85,134.74,54.77,604.21,716.51,970.75,420.11,311.86,901.95,180.09,406.99,789.34,817.42
951.0,566.03,309.53,651.6,375.82,897.12,113.32,844.02,881.53,31.97,324.67,304.92,28.86,88.34
208.0,712.38,858.33,828.51,365.69,225.62,225.21,991.23,139.65,500.61,738.29,493.47,728.33,527.35
659.0,405.89,11.65,472.23,20.28,796.91,690.61,887.76,782.16,377.19,752.2,105.94,978.29,583.21
849.0,779.26,728.24,82.11,458.47,571.48,533.84,533.77,329.11,217.49,320.79,602.72,728.08,748.12
837.0,156.08,674.38,815.62,196.12,161.76,676.49,11.4,213.82,591.03,371.4,149.03,849.02,512.61
9.0,925.77,924.12,322.48,150.57,532.68,152.67,310.3,705.68,531.83,525.53,854.56,663.81,503.26
883.0,154.37,111.49,824.17,41.43,285.23,548.01,1.3,924.51,181.34,340.07,699.64,479.73,995.72
37.0,285.11,147.19,998.48,98.97,427.81,666.26,902.17,924.13,217.18,359.52,960.74,701.21,75.76
453.0,725.44,554.51,429.65,282.43,505.8,270.55,716.99,69.93,694.36,31.52,855.9,816.46,961.96
652.0,263.82,425.7,876.12,944.82,876.95,125.64,571.61,836.81,707.2,128.54,233.93,791.71,848.17
254.0,174.97,24.99,206.15,44.38,528.48,507.95,393.1,205.88,157.18,231.92,963.03,932.86,919.71
304.0,800.69,649.64,847.58,274.67,326.74,344.36,327.26,997.35,390.06,721.5,322.7,714.52,132.05
751.0,737.52,810.82,329.3,130.61,913.17,787.45,347.2,570.0,194.41,908.48,735.32,625.92,375.29
572.0,760.97,700.21,544.82,278.73,420.98,807.93,305.09,28.62,705.37,944.58,653.28,479.72,93.13
624.0,526.26,68.83,83.06,587.57,676.31,992.74,254.89,411.73,70.84,319.13,323.96,349.83,648.5
714.0,858.62,808.91,854.0,815.7,627.85,625.27,360.25,262.34,975.76,551.79,995.67,364.59,918.22
724.0,129.86,251.64,351.16,990.86,212.58,637.47,902.17,711.9,32.93,990.85,510.25,674.45,935.92
263.0,816.23,212.55,776.49,358.83,851.62,733.39,244.2,927.62,651.8,685.64,326.77,307.1,243.48
611.0,608.68,211.01,586.3,935.68,5.81,563.37,976.5,694.98,384.14,570.51,98.01,129.71,528.94
298.0,3.1,408.4,50.1,914.08,452.08,759.49,613.99,635.98,133.66,65.43,455.19,808.55,228.48
415.0,146.49,618.26,745.6,808.41,250.52,402.56,126.01,139.31,602.51,423.95,858.04,398.83,916.56
151.0,876.38,82.3,619.76,407.41,235.67,224.55,891.47,282.05,384.66,142.36,777.42,515.19,537.68
793.0,913.73,93.5,532.2,576.41,826.96,936.58,689.53,154.15,348.75,690.97,536.98,578.15,831.98
641.0,982.08,525.17,9.39,829.73,962.31,866.88,213.87,805.94,654.69,207.62,799.87,143.98,281.3
895.0,304.32,707.49,347.17,627.21,473.52,88.17,736.91,157.54,907.95,813.24,890.66,97.83,782.57
551.0,588.99,283.19,470.84,903.97,506.01,977.11,306.2,341.18,923.36,304.58,6.55,88.15,118.31
803.0,396.5,432.36,622.06,881.82,389.31,796.66,466.13,218.35,942.12,980.05,478.99,263.36,939.49
489.0,460.08,127.63,924.89,962.73,395.57,477.54,687.28,747.72,818.06,564.17,712.1,303.32,946.41
148.0,130.24,811.07,670.47,527.75,127.07,651.97,376.65,809.9,475.29,960.0,499.15,989.3,444.73
147.0,574.52,94.6,278.37,82.32,72.28,958.07,946.4,433.79,29.55,671.87,328.84,2.97,59.76
935.0,244.62,379.43,973.12,57.89,275.68,732.57,474.24,175.73,921.12,517.77,744.27,898.97,255.28
937.0,161.76,601.53,7.0,78.84,794.39,765.34,585.33,535.42,237.72,363.73,850.23,783.67,394.81
744.0,949.57,406.39,552.29,219.14,994.53,289.25,842.76,546.18,610.62,751.03,170.16,969.86,763.38
660.0,693.76,484.27,774.26,646.27,908.66,484.74,916.45,370.23,0.5,1.84,390.74,144.69,897.12
349.0,455.37,760.62,263.72,99.23,298.98,843.1,186.1,398.65,374.02,829.05,15.72,540.18,7.51
464.0,847.56,856.21,368.36,942.54,87.79,190.1,806.03,365.32,201.88,256.77,527.74,869.86,874.04
326.0,792.71,822.25,486.89,819.69,387.24,629.41,717.6,414.13,132.43,81.63,279.67,683.75,553.95
187.0,619.52,161.68,637.17,598.02,561.22,210.65,146.15,849.89,504.7,130.2,160.58,152.86,832.97
124.0,861.89,781.97,784.43,479.39,595.79,844.54,150.1,367.14,384.93,608.61,155.61,10.32,221.42
859.0,308.4,328.81,55.65,649.73,925.92,663.23,181.87,975.74,677.04,544.57,72.92,508.09,508.65
609.0,874.0,712.42,323.4,804.66,591.8,146.86,112.31,957.04,436.44,545.87,48.29,83.73,246.49
144.0,354.75,282.86,138.84,842.67,159.1,571.31,802.83,433.16,646.97,22.12,199.49,371.95,231.06
965.0,819.34,398.0,473.38,382.99,407.82,205.07,411.93,247.43,657.83,455.37,840.47,143.7,447.88
198.0,912.98,821.25,819.75,954.9,304.3,240.15,614.76,963.48,891.72,275.56,312.79,735.8,522.91
610.0,606.27,704.01,199.42,325.6,228.74,38.34,668.18,884.73,478.06,317.2,942.45,594.31,172.79
280.0,342.45,25.0,898.4,729.46,754.37,222.61,374.91,770.35,77.28,133.67,959.32,45.58,83.17
294.0,964.16,925.31,170.98,309.52,608.58,334.39,817.2,392.51,836.04,321.73,950.86,790.71,247.5
401.0,852.89,519.57,616.99,886.85,823.72,77.86,99.0,317.33,872.15,753.8,835.9,219.48,516.21
123.0,842.4,260.14,292.1,340.99,279.29,698.18,3.11,201.51,200.97,834.69,342.47,337.3,773.68
184.0,591.96,673.07,776.16,186.87,367.12,985.26,806.38,107.81,819.16,173.48,139.67,624.19,34.21
203.0,880.32,992.31,568.25,963.08,978.92,712.97,137.88,909.57,263.52,995.29,853.91,590.4,96.17
439.0,20.89,539.48,167.24,626.46,223.82,370.45,203.83,483.66,253.59,627.75,443.04,860.92,944.57
247.0,920.12,481.06,144.05,363.58,518.48,590.22,330.0,737.9,835.09,530.92,573.67,110.17,614.62
416.0,385.38,675.23,506.33,651.16,563.0,238.01,593.4,740.85,752.26,740.84,949.62,243.94,657.06
781.0,935.72,492.02,869.4,709.47,87.83,816.45,219.89,139.76,207.15,615.9,111.79,194.07,55.61
984.0,100.7,574.66,41.7,284.86,191.56,17.06,725.42,955.5,320.36,31.25,838.59,804.09,716.97
912.0,407.19,299.05,784.89,845.57,64.3,297.27,877.81,402.57,227.83,714.31,5.13,564.63,255.21
865.0,304.22,27.87,474.89,664.8,807.33,842.77,338.63,916.89,908.4,781.2,904.36,574.72,410.75
893.0,904.03,264.44,658.03,525.43,336.67,725.59,684.15,219.42,889.37,801.53,302.87,988.97,673.79
130.0,80.19,455.18,466.1,867.97,735.12,749.84,84.03,512.4,213.18,726.16,614.68,554.41,525.68
638.0,351.79,196.39,102.05,479.75,221.25,0.28,151.32,612.56,919.02,262.45,437.08,715.11,281.17
403.0,503.91,364.12,60.86,782.39,59.75,517.61,598.41,218.84,638.06,539.07,458.33,569.72,176.02
789.0,13.65,566.78,572.89,131.38,993.84,516.03,342.94,685.4,593.93,708.74,120.31,111.17,80.34
775.0,906.33,498.77,727.28,409.3,774.67,173.44,292.6,184.66,511.38,684.12,205.33,357.14,395.78
736.0,243.03,998.18,107.08,584.21,997.66,351.59,273.61,48.24,756.91,867.56,502.41,535.76,498.08
919.0,91.32,815.03,225.73,684.08,764.48,358.78,623.29,2.57,935.66,504.08,341.32,22.42,926.51
220.0,338.02,92.87,177.53,39.75,371.01,889.49,765.43,661.84,80.84,10.62,683.1,976.97,855.09
642.0,742.36,793.6,785.15,502.53,613.88,826.48,491.75,500.52,395.4,99.73,901.16,401.37,709.51
921.0,617.62,96.72,444.41,725.52,472.32,562.08,15.63,374.77,157.53,555.05,893.96,187.3,136.18
757.0,904.0,620.53,324.45,489.64,231.69,847.41,129.84,651.93,331.34,246.86,504.64,462.48,223.62
812.0,39.57,872.68,972.47,790.84,124.2,618.54,291.94,97.32,979.66,26.02,686.19,148.25,911.99
925.0,611.6,398.55,216.68,700.14,801.23,758.99,984.73,737.65,321.26,863.41,645.3,829.3,360.94
625.0,651.79,837.41,361.41,75.02,54.64,975.15,28.13,87.75,324.5,515.65,558.07,118.45,646.03
844.0,571.18,873.31,322.5,358.44,572.85,620.49,171.56,737.78,893.16,268.47,164.98,292.46,909.17
765.0,181.7,531.04,485.01,849.27,214.47,654.95,722.68,850.59,395.13,138.85,363.44,801.8,225.26
387.0,332.05,308.65,822.16,533.24,408.04,53.75,432.85,30.94,441.77,717.61,533.09,526.13,520.49
979.0,408.77,419.82,784.51,477.78,868.69,409.81,752.28,708.27,415.15,745.69,531.41,626.09,812.24
510.0,87.84,158.24,671.21,971.86,43.28,323.26,200.33,217.01,53.52,245.3,642.49,33.16,576.17
268.0,622.56,151.63,595.45,467.93,358.82,694.38,563.77,182.39,210.13,805.71,839.35,805.58,710.15
825.0,369.62,279.64,912.02,352.92,886.92,416.84,863.8,838.3,143.49,225.72,462.95,387.55,451.64
442.0,783.95,110.76,136.3,352.74,600.03,524.28,515.09,987.5,769.31,434.59,770.98,656.65,909.06
497.0,351.63,816.86,173.14,302.81,210.3,552.37,100.78,744.52,391.03,444.39,548.58,216.87,10.81
113.0,712.68,205.09,139.78,172.24,889.95,304.42,642.72,448.56,846.97,411.73,258.9,622.13,120.25
692.0,327.34,421.18,678.64,130.04,491.23,37.19,107.44,542.68,258.22,451.1,869.55,117.74,960.46
233.0,783.3,247.75,430.09,553.82,703.56,571.13,984.02,148.14,683.6,249.84,149.27,915.11,682.44
875.0,758.85,852.92,678.91,494.43,975.45,544.96,423.97,742.63,347.16,733.23,286.07,822.95,841.34
608.0,127.66,766.14,254.45,669.55,991.89,331.54,2.87,871.76,70.11,445.91,181.57,854.75,592.33
672.0,232.68,438.54,727.49,225.11,847.06,136.69,356.52,526.24,626.35,479.77,905.17,634.46,513.62
374.0,443.86,319.07,127.56,521.82,112.23,726.0,249.28,136.97,774.55,397.95,422.42,335.89,416.86
988.0,227.83,442.18,508.12,415.87,251.14,472.13,254.62,856.69,545.54,892.27,114.42,595.77,249.29
848.0,510.82,119.67,254.1,305.87,808.42,45.11,109.68,969.65,908.51,40.24,693.79,761.67,679.38
234.0,986.96,976.0,840.88,278.15,688.58,203.65,763.07,448.58,242.52,678.3,658.0,844.89,910.16
790.0,115.19,191.96,976.36,793.09,77.91,826.13,631.52,224.31,737.22,77.29,433.49,807.41,323.61
677.0,894.08,459.06,652.51,74.51,186.88,927.76,676.24,627.54,979.69,820.3,701.02,180.0,915.02
318.0,522.28,369.7,553.38,691.07,617.68,463.68,634.97,570.12,864.27,533.73,737.91,216.02,780.94
649.0,702.16,442.24,392.24,607.34,802.31,807.4,910.69,625.01,672.37,422.32,830.68,459.94,733.7
411.0,176.09,284.23,155.14,165.34,485.76,21.23,767.7,696.38,700.15,826.51,897.1,870.03,98.89
904.0,131.51,690.12,781.82,151.98,12.69,97.61,453.34,327.08,927.81,655.08,104.01,274.93,990.12
710.0,586.44,395.81,739.85,982.02,412.36,38.77,621.69,544.03,695.58,422.95,739.7,690.23,658.9
359.0,742.42,246.6,157.55,9.19,5.94,24.98,718.7,205.49,66.55,221.07,16.63,169.38,246.64
259.0,317.94,340.16,764.11,514.65,400.55,111.79,879.98,868.05,817.76,14.26,478.62,150.05,244.77
745.0,860.87,23.26,703.52,526.18,108.58,274.51,234.1,694.18,212.76,945.21,113.12,295.16,748.17
628.0,345.63,718.67,395.77,626.42,93.03,699.37,7.42,543.95,378.89,839.8,303.51,733.02,218.66
633.0,117.13,539.58,764.2,390.79,451.44,485.46,931.89,632.31,150.93,578.26,572.79,228.67,271.28
283.0,572.21,686.53,910.05,21.45,347.82,160.85,929.0,395.36,718.83,623.15,827.27,465.34,620.74
377.0,482.34,838.95,189.31,429.43,39.34,742.1,845.06,927.45,350.51,789.09,758.35,490.35,338.42
385.0,497.13,467.03,721.05,604.73,265.91,719.4,371.33,326.71,463.62,973.28,947.45,72.08,288.31
225.0,21.03,576.73,599.01,487.83,46.11,133.18,625.26,631.11,801.12,932.85,691.26,616.06,734.1
960.0,563.1,594.43,554.13,529.48,384.44,912.87,670.96,776.93,226.22,469.04,906.77,267.96,315.67
820.0,538.84,611.48,182.69,50.53,646.02,531.87,439.84,645.46,524.2,34.63,325.96,6.22,32.17
473.0,142.94,18.15,951.39,417.78,41.85,277.67,408.1,899.51,649.19,705.69,549.64,556.28,279.32
348.0,739.99,313.41,623.3,511.37,988.34,26.94,375.94,946.08,895.01,68.52,234.11,86.25,779.99
506.0,635.61,792.45,790.66,19.44,663.93,836.71,835.89,228.48,644.54,188.86,343.42,95.05,249.99
640.0,926.13,971.61,809.74,824.3,269.38,293.76,120.28,276.07,926.96,199.16,144.4,852.05,334.81
994.0,54.59,60.5,194.6,125.5,165.38,837.46,75.14,332.01,424.47,247.48,465.52,130.73,379.01
798.0,300.59,927.19,834.25,997.08,946.51,430.22,319.63,176.3,288.75,437.85,529.23,961.16,694.47
934.0,746.86,913.56,939.98,946.51,396.06,56.54,716.78,77.35,376.24,393.86,257.4,218.47,388.33
911.0,960.29,453.49,358.82,382.14,834.2,229.53,290.95,581.03,593.08,146.31,683.35,914.83,298.67
620.0,870.68,603.06,843.54,894.49,540.0,215.82,88.37,567.43,351.85,889.23,299.46,918.19,430.62
4.29,2.8,20.09,21.41,241.3,39807.7,53666552.0,4.29,2.8,20.09,21.41,51407456.0,4026.15,517.53
809.0,287.75,778.73,743.28,653.23,614.24,196.67,496.83,788.21,209.25,951.68,203.13,307.46,26.6
646.0,528.42,512.35,578.22,97.94,738.03,711.15,347.68,225.56,472.1,714.36,864.86,855.86,876.08
852.0,845.81,478.07,808.54,1.87,412.54,97.42,464.86,894.4,575.79,434.48,877.22,94.27,972.66
557.0,694.28,901.61,668.9,602.07,311.73,923.2,338.65,998.34,683.6,700.01,753.06,538.92,570.73
964.0,599.19,339.14,853.74,939.62,530.15,483.51,949.27,207.75,837.58,556.93,392.72,808.08,903.3
578.0,428.47,563.52,181.39,639.19,107.61,648.34,165.85,322.14,428.27,712.43,822.53,525.88,239.93
796.0,414.09,472.31,75.13,40.37,673.8,70.19,218.79,587.08,906.85,122.1,566.4,418.62,114.15
86.0,131.02,337.62,136.43,728.22,35.94,913.33,718.66,982.14,946.58,317.88,55.36,406.51,222.93
243.0,389.71,41.34,484.29,145.14,435.9,917.86,720.76,840.05,519.35,490.2,439.73,567.87,86.31
699.0,260.78,546.49,998.55,814.45,718.54,999.11,129.73,765.33,109.24,607.05,341.65,211.41,729.22
160.0,29.59,749.94,568.14,100.42,288.07,237.75,34.38,587.89,9.43,486.57,578.7,433.16,139.25
525.0,584.59,251.69,94.95,949.38,939.15,929.24,660.41,670.77,864.14,549.37,189.43,747.82,178.53
36.0,160.82,812.26,260.38,373.62,521.94,189.6,507.82,345.19,596.56,972.35,970.62,55.0,49.94
541.0,813.88,149.18,760.69,183.02,237.03,430.21,32.71,357.62,824.48,964.61,937.61,122.53,961.31
171.0,780.27,963.81,464.19,566.53,44.59,914.09,309.14,932.82,847.48,735.38,465.72,769.97,801.06
655.0,768.65,476.21,173.19,94.49,143.75,201.5,738.69,738.91,30.82,831.71,408.37,384.08,657.61
896.0,771.47,961.3,78.32,922.93,3.88,697.28,437.97,269.92,386.98,570.25,872.19,78.37,803.49
907.0,29.95,363.43,762.79,185.5,385.72,325.96,635.19,707.16,777.18,222.77,527.24,299.43,540.6
853.0,967.29,556.08,25.5,313.67,347.32,129.9,863.44,4.71,597.71,5.05,240.36,23.66,824.81
950.0,483.0,714.98,753.91,778.66,820.88,164.59,402.66,15.18,799.67,759.78,300.75,247.52,76.74
734.0,642.47,579.05,357.4,440.96,539.41,428.37,897.34,559.11,385.98,351.4,621.55,470.28,486.08
96.0,849.49,70.64,621.05,648.49,468.13,994.81,133.06,290.34,153.66,285.47,240.97,435.78,878.63
564.0,299.19,256.28,681.38,265.12,73.63,983.35,55.25,776.42,112.28,8.82,795.35,7.47,305.24
241.0,202.56,648.08,145.44,687.2,199.91,950.33,456.89,267.9,284.28,41.95,811.47,748.85,512.06
743.0,603.16,358.38,57.35,523.18,325.99,829.45,976.3,653.46,634.35,947.73,473.32,208.98,119.43
575.0,372.7,599.48,820.87,502.2,359.46,860.97,561.69,708.35,314.6,594.36,307.74,663.55,523.02
691.0,335.64,507.88,42.21,919.3,929.64,159.48,164.9,261.02,285.11,85.05,149.83,626.09,949.11
461.0,123.93,214.38,61.41,929.95,385.5,804.57,573.74,473.86,229.5,272.89,566.42,815.52,749.75
554.0,989.28,6.6,44.9,655.54,468.5,386.06,581.06,145.54,914.8,778.11,433.86,657.78,32.98
884.0,646.01,495.95,589.22,899.71,322.9,778.4,410.24,364.15,372.94,376.16,124.49,249.88,537.62
207.0,339.79,741.38,760.78,867.7,116.54,411.94,857.47,28.63,307.07,325.59,905.56,744.76,209.6
393.0,252.27,299.45,118.67,336.8,971.86,128.39,599.16,610.95,78.12,229.36,974.11,803.36,836.58
795.0,898.38,666.21,138.47,700.43,337.65,242.26,899.12,983.77,296.87,713.48,391.98,202.98,678.04
398.0,991.19,542.75,633.15,930.37,311.91,538.51,255.62,196.56,232.52,866.42,859.22,908.53,652.48
767.0,964.24,413.19,248.32,740.66,928.84,630.54,503.72,826.65,665.98,265.13,441.72,437.98,776.16
854.0,655.99,910.23,304.27,753.38,102.43,446.43,866.49,321.32,4.94,367.21,358.83,507.73,955.49
218.0,139.63,28.5,344.66,690.32,424.72,915.37,697.08,133.23,885.86,705.23,680.05,789.52,314.99
5.0,279.38,902.38,823.55,316.31,806.39,381.93,499.99,730.45,417.8,673.18,666.05,49.71,414.88
769.0,35.87,268.09,140.75,407.17,235.17,979.27,738.73,289.05,320.44,969.47,449.73,160.4,366.22
643.0,682.23,125.25,228.3,142.06,639.76,641.56,130.45,147.36,453.15,140.75,846.66,252.53,31.25
903.0,169.2,535.24,693.9,848.78,357.69,824.28,642.08,716.54,50.06,63.21,847.67,628.44,90.43
613.0,336.92,961.36,31.9,150.7,811.11,914.26,793.64,934.71,754.71,961.62,972.72,880.53,22.77
739.0,502.44,940.35,841.65,257.57,420.61,701.61,205.01,424.01,68.28,899.29,836.12,307.2,136.49
547.0,140.18,484.94,972.61,459.29,108.35,260.17,33.4,214.02,74.97,242.02,960.41,273.36,103.59
726.0,17.35,770.81,739.44,215.02,914.75,280.7,893.03,777.11,953.17,71.74,542.76,190.19,598.56
684.0,499.98,508.15,630.08,145.17,782.33,314.61,378.74,204.7,928.55,960.81,798.41,501.46,381.81
99.0,38.22,144.78,104.07,542.74,25.92,694.18,665.11,660.49,855.01,149.62,979.82,62.18,22.15
805.0,227.12,565.85,461.6,310.19,696.63,674.42,445.64,202.47,275.34,88.79,335.98,714.68,919.37
728.0,393.29,115.93,993.89,521.91,732.81,500.22,371.5,691.84,936.21,291.42,169.7,218.3,910.08
574.0,715.44,97.84,517.09,540.32,123.66,889.67,957.9,59.48,258.93,745.69,603.37,788.19,877.56
407.0,822.4,264.37,235.13,123.67,116.03,988.73,38.5,248.27,910.7,178.65,781.91,271.04,561.15
503.0,136.35,471.71,522.42,273.1,255.57,130.77,265.41,217.66,936.24,471.05,328.29,563.04,770.74
48.0,376.65,563.64,269.32,411.82,911.73,121.76,87.4,489.71,500.14,73.65,702.66,419.01,562.22
33.0,307.77,51.14,349.17,766.91,930.0,135.26,344.47,59.01,890.01,261.77,327.41,389.51,689.98
780.0,934.12,493.18,14.31,791.71,707.25,822.98,310.0,759.93,810.35,528.99,358.39,261.0,665.7
840.0,558.04,228.23,378.18,864.85,157.14,114.35,482.97,34.12,854.61,770.95,977.42,681.74,414.3
201.0,723.79,902.25,158.39,491.31,632.41,657.99,700.98,15.3,276.23,839.1,785.14,925.54,669.12
135.0,675.54,744.23,110.24,193.36,738.4,875.03,536.79,134.49,12.74,376.91,389.73,763.42,607.31
28.0,464.02,139.09,220.14,588.88,466.56,835.91,516.32,515.93,864.53,189.09,707.86,785.81,317.88
886.0,24.28,147.68,553.64,909.15,214.64,497.35,224.46,686.75,669.93,529.33,402.42,375.84,48.47
231.0,971.1,760.52,132.85,401.85,614.07,158.75,248.45,812.18,721.24,470.36,439.72,806.4,243.18
490.0,817.63,271.65,539.88,930.84,211.32,89.49,452.59,573.33,686.33,586.21,434.21,427.62,452.48
773.0,778.62,451.76,994.79,877.05,399.3,649.1,224.14,315.87,489.84,728.57,615.57,637.62,747.2
379.0,290.24,102.04,918.84,832.92,244.7,494.54,310.83,816.85,11.37,732.15,240.47,705.22,68.11
289.0,36.34,557.84,692.05,899.47,465.67,730.81,509.55,133.94,990.59,586.79,72.22,80.09,688.84
419.0,21.7,974.79,335.12,884.55,782.29,68.9,990.16,320.58,489.53,269.76,865.79,801.53,847.32
675.0,960.94,977.93,876.89,605.72,106.68,466.44,362.26,384.74,553.6,856.06,133.76,89.92,58.55
392.0,42.66,152.13,960.29,160.22,310.05,180.4,513.06,774.76,199.55,970.36,70.73,808.43,776.24
593.0,196.4,155.3,640.77,279.04,738.86,535.83,553.17,541.48,79.64,168.15,882.25,962.06,36.57
499.0,316.23,213.69,293.65,817.21,853.0,909.59,543.37,260.83,522.34,997.8,947.99,943.69,30.56
139.0,364.73,115.91,236.49,607.76,425.05,724.7,519.21,195.57,833.26,185.91,33.55,288.3,731.34
63.0,552.23,112.54,839.29,734.98,797.52,665.07,1.68,65.28,830.64,850.81,492.78,246.76,689.06
472.0,263.15,930.99,457.78,920.91,379.99,585.86,645.31,87.56,791.34,301.77,474.12,61.16,183.7
648.0,763.12,752.44,624.0,763.95,519.77,755.81,795.73,668.54,684.42,356.99,52.39,589.59,710.22
129.0,644.03,911.68,444.74,487.17,36.43,100.81,234.42,725.02,702.11,25.62,21.87,453.0,644.08
983.0,930.18,650.84,108.64,619.37,942.68,106.47,170.46,996.78,993.18,16.27,728.06,638.13,554.41
521.0,546.71,896.53,204.93,801.81,65.55,875.76,809.32,301.16,821.62,462.87,247.77,232.12,263.53
839.0,98.89,167.25,206.8,183.58,987.75,357.1,840.55,515.92,570.31,536.35,950.22,45.39,678.47
969.0,319.4,903.02,590.95,397.57,908.55,978.85,473.29,725.48,85.18,996.53,914.61,947.5,302.73
65.0,916.38,227.44,584.54,470.33,571.93,50.92,613.1,872.54,897.96,150.64,836.98,283.28,731.07
813.0,183.05,620.32,151.26,886.47,719.94,43.17,380.39,980.32,556.09,647.39,676.16,519.86,395.96
15.0,634.19,472.17,936.64,620.77,309.8,434.01,629.49,556.67,269.99,847.49,978.06,683.62,184.47
157.0,894.12,263.05,320.14,556.16,788.85,40.92,360.83,472.69,376.18,159.44,976.42,950.29,900.45
41.0,0.7,765.73,596.32,515.05,443.33,72.19,333.18,299.04,219.33,670.11,199.6,320.7,648.5
493.0,829.04,617.43,767.05,991.53,667.39,167.29,702.36,366.77,88.31,431.24,987.61,297.6,208.82
380.0,856.77,698.15,232.9,536.17,602.21,116.13,137.61,402.31,312.23,206.46,685.59,578.21,739.42
188.0,959.78,275.34,491.8,279.84,839.99,663.16,960.57,175.15,712.16,352.74,310.82,767.22,131.37
764.0,108.86,878.86,937.01,731.03,962.67,141.88,796.51,348.59,236.05,439.97,193.97,751.31,777.41
217.0,607.28,633.23,771.1,805.22,280.71,977.62,903.47,714.2,606.24,831.23,760.75,563.46,380.48
792.0,645.55,239.69,895.44,451.55,319.6,441.22,744.13,75.98,305.49,340.25,223.15,510.01,490.98
53.0,729.48,184.57,440.34,880.7,707.1,382.17,19.21,349.23,699.39,904.05,804.75,400.54,184.96
879.0,367.94,625.79,68.56,759.36,337.65,441.34,924.12,293.12,464.55,333.99,842.67,817.48,811.44
338.0,766.21,24.91,209.29,675.43,22.29,412.1,995.82,39.99,849.05,768.86,560.21,92.71,143.0
749.0,784.99,915.25,107.92,564.39,456.1,34.19,580.84,893.38,964.36,144.31,586.69,458.3,425.43
720.0,689.2,580.97,186.4,237.48,225.4,446.08,848.35,762.67,673.99,330.43,563.83,62.48,197.2
725.0,868.03,891.71,311.16,569.12,44.9,983.55,850.02,459.42,920.35,809.69,836.87,820.55,501.02
296.0,997.25,597.07,10.28,742.95,912.19,995.42,13.68,121.99,28.16,526.77,564.13,764.6,364.36
702.0,404.4,721.01,742.4,372.04,137.33,431.88,269.04,795.11,254.89,918.04,899.63,868.13,152.47
252.0,289.24,67.73,229.17,490.26,699.62,492.36,147.79,188.66,966.99,902.39,335.96,789.3,282.88
727.0,940.44,487.01,142.9,968.43,882.77,957.47,193.37,462.94,349.65,978.01,278.67,608.35,519.13
462.0,362.08,404.62,381.26,919.47,961.03,451.96,803.21,239.75,553.97,697.12,897.58,916.58,565.5
456.0,374.41,218.41,25.85,218.36,923.21,24.76,956.58,735.54,183.18,787.73,960.02,539.38,617.62
4.23,2.64,28.08,33.0,2223.26,10399.04,53370036.0,4.23,2.64,28.08,33.0,51401016.0,2.36,4787.34
816.0,190.57,626.11,1.88,809.67,742.8,339.56,969.02,386.73,52.64,372.53,292.38,107.77,397.57
863.0,133.28,699.26,680.59,125.25,985.6,479.5,494.39,220.4,816.97,543.84,137.37,453.49,158.31
270.0,169.71,270.39,957.44,398.86,428.94,286.15,93.43,646.05,229.28,2.06,579.89,570.62,735.02
202.0,427.69,802.94,496.5,65.08,712.72,819.55,677.16,799.33,852.0,425.73,676.61,829.72,257.05
162.0,516.11,793.86,726.75,938.95,277.73,693.13,893.62,754.12,53.24,689.93,949.76,696.89,769.76
556.0,255.04,404.42,927.59,255.69,128.82,577.24,907.37,637.65,490.2,239.72,871.38,604.23,26.25
730.0,284.47,868.18,884.9,670.14,162.01,320.33,867.55,4.83,226.46,276.05,806.66,87.05,819.83
402.0,227.84,266.93,712.96,854.53,885.44,463.61,658.11,2.24,864.94,817.33,21.86,494.0,891.7
703.0,360.35,764.06,500.07,360.14,860.8,83.94,486.53,869.21,875.02,953.15,984.09,85.13,494.04
477.0,445.84,493.03,711.22,266.23,749.42,605.79,665.15,844.75,704.14,786.24,88.83,254.43,598.32
822.0,124.01,624.48,696.07,788.81,118.93,265.55,395.4,678.29,150.64,485.11,147.5,7.38,527.09
772.0,741.86,789.24,255.11,107.64,443.69,534.11,952.04,300.67,503.98,384.53,481.07,256.77,49.96
106.0,9.2,243.16,470.08,104.64,56.29,872.8,356.87,714.57,507.87,687.48,234.97,809.57,688.33
566.0,597.55,772.74,211.76,214.89,709.47,137.24,429.18,116.72,817.11,992.8,266.42,954.01,924.38
390.0,514.1,532.21,537.53,49.41,866.43,873.11,322.0,470.06,769.32,553.08,481.88,827.8,762.19
2.0,210.19,743.5,562.44,392.91,35.28,810.05,994.53,421.95,468.98,418.91,935.49,563.13,52.33
943.0,888.28,479.85,404.59,983.93,916.42,750.56,51.78,411.35,956.51,254.86,130.23,151.99,356.56
989.0,147.88,964.9,751.15,763.86,61.58,748.32,459.69,597.62,656.62,607.32,128.53,232.55,790.34
562.0,557.93,949.58,486.22,611.77,92.2,567.91,379.76,682.55,8.02,116.59,669.46,905.9,366.79
81.0,879.06,220.27,54.64,66.88,803.13,166.75,957.14,677.89,434.57,706.64,940.45,250.76,915.37
206.0,992.17,663.63,567.71,231.92,764.39,329.88,836.86,226.59,960.58,980.57,652.0,517.78,726.84
35.0,986.54,96.01,321.56,915.7,29.05,965.29,677.64,490.62,177.44,56.84,516.94,497.75,213.41
776.0,660.15,222.08,999.53,592.37,175.65,833.34,292.41,497.26,578.07,743.47,54.93,806.6,363.31
509.0,68.49,443.18,78.14,406.52,193.01,928.69,170.46,410.46,170.79,604.65,740.15,632.01,796.18
428.0,674.94,664.61,365.87,5.07,687.18,505.25,948.28,737.4,540.67,927.48,730.07,562.61,118.78
455.0,900.66,930.12,797.69,681.39,896.25,720.06,16.08,766.18,572.96,772.15,701.99,847.96,374.57
367.0,499.35,164.15,440.69,994.74,938.87,104.61,695.35,762.43,691.39,244.84,32.65,584.77,881.32
92.0,343.2,283.46,234.67,288.62,937.86,423.11,3.01,135.25,259.61,275.39,845.63,991.75,796.19
340.0,6.85,527.3,688.19,284.06,284.82,106.89,793.51,785.23,2.82,380.0,506.78,680.17,729.57
898.0,674.9,868.75,52.37,466.52,45.34,217.1,719.32,994.61,893.09,450.28,769.3,562.7,687.96
565.0,51.86,296.47,254.7,789.67,327.54,704.88,107.23,161.14,693.53,304.86,149.62,34.16,202.37
346.0,682.11,100.19,170.52,458.47,252.67,32.18,540.8,264.07,109.57,870.08,760.65,442.41,49.84
777.0,387.06,271.02,239.43,76.56,778.46,875.87,52.48,432.24,668.41,188.48,883.25,641.92,886.93
242.0,386.55,416.96,851.85,747.51,752.56,510.79,272.5,489.58,944.59,920.23,555.0,388.59,200.73
14.0,917.9,45.81,459.94,559.74,242.23,519.91,385.23,952.78,915.5,679.77,418.09,325.23,376.27
316.0,743.28,0.28,475.21,141.99,787.76,304.99,771.14,634.29,599.77,245.89,750.56,505.02,691.47
601.0,510.39,591.61,139.43,537.17,859.61,638.3,143.98,230.51,662.8,504.37,70.76,317.06,316.42
388.0,790.08,929.94,815.65,557.86,528.74,616.63,563.28,392.21,318.38,143.06,576.36,459.18,978.78
274.0,174.85,839.48,751.66,167.35,980.22,559.76,850.43,912.96,528.77,833.13,353.3,75.57,909.41
167.0,183.92,797.84,282.5,679.33,17.43,912.42,920.85,483.59,763.99,488.04,589.56,249.08,362.31
841.0,985.8,152.37,212.29,510.81,103.56,471.62,254.97,48.93,144.36,365.37,385.64,285.49,127.79
999.0,597.69,927.81,692.99,689.87,556.9,382.15,627.77,11.91,227.84,958.74,729.26,682.74,309.64
647.0,779.24,296.97,224.18,254.25,695.17,871.44,676.04,794.1,573.37,762.52,430.22,366.36,499.53
819.0,686.49,934.3,199.95,533.6,460.9,0.7,846.75,956.4,842.59,772.49,633.51,948.02,665.88
485.0,314.51,363.15,134.47,793.25,387.82,948.13,228.31,491.61,682.72,549.3,125.97,979.94,59.8
987.0,604.1,516.72,153.11,890.15,522.62,659.33,838.2,144.56,443.72,849.41,26.81,987.33,650.98
505.0,271.18,351.38,541.43,416.23,713.65,729.18,830.3,44.31,489.4,358.52,92.27,761.48,597.75
832.0,482.02,749.81,770.86,562.52,583.13,622.47,289.02,727.33,756.19,734.62,127.97,194.59,506.25
244.0,720.43,384.53,947.82,60.38,79.8,70.75,766.76,727.1,651.43,55.92,688.59,374.96,311.39
567.0,466.33,189.22,688.34,846.71,507.8,591.67,744.97,299.8,731.44,286.16,442.87,257.16,149.38
876.0,67.48,557.93,110.34,112.07,40.13,275.43,189.78,842.0,199.12,95.25,536.2,657.6,577.19
563.0,403.55,901.91,122.16,742.4,313.47,891.5,856.66,384.11,216.39,89.8,461.24,124.4,94.58
687.0,403.38,2.94,518.2,82.33,47.95,192.41,962.21,161.54,61.93,410.82,492.67,947.41,45.03
958.0,821.51,682.77,707.82,98.92,919.86,569.1,769.58,868.1,171.36,712.73,833.22,417.81,863.77
190.0,273.2,417.34,724.27,631.36,361.99,428.16,122.31,720.75,670.66,194.54,662.9,764.87,134.61
783.0,745.74,393.82,969.12,226.84,840.08,956.51,303.24,671.97,936.67,964.0,283.15,27.8,470.77
700.0,737.51,493.01,89.05,952.9,67.38,446.94,202.28,539.78,304.6,312.4,889.84,303.24,272.23
476.0,464.78,287.5,307.95,300.11,73.55,845.7,154.95,737.22,794.24,986.98,133.91,680.35,280.43
682.0,253.57,976.44,49.78,326.22,71.27,394.55,330.75,235.2,253.17,658.61,518.29,537.29,602.78
511.0,569.98,823.74,559.31,847.3,123.7,243.65,762.65,783.18,225.65,825.01,314.37,425.46,12.24
59.0,912.54,367.45,422.65,505.45,961.4,965.67,791.0,243.22,15.08,605.12,557.16,172.77,244.14
475.0,364.19,988.34,900.25,209.77,424.95,717.27,488.36,321.09,214.06,730.28,513.32,52.09,734.84
561.0,677.72,748.01,496.15,832.61,774.45,959.78,261.41,790.18,404.56,853.54,36.41,187.35,486.59
857.0,467.17,808.03,358.98,212.77,175.87,98.94,222.97,336.07,514.07,431.28,102.77,387.07,541.36
748.0,551.95,486.32,11.61,874.58,205.54,576.92,536.99,260.4,341.86,251.2,377.15,176.92,221.96
253.0,525.87,623.07,937.13,327.98,351.89,224.29,79.32,690.84,657.65,644.61,599.38,103.14,38.38
22.0,420.78,409.25,691.71,274.67,967.4,858.67,836.9,122.25,789.31,977.27,730.34,995.94,471.07
314.0,713.32,305.03,620.13,877.26,270.16,773.21,575.2,877.79,646.49,668.75,273.09,456.72,38.18
460.0,834.07,199.86,655.97,543.13,545.82,199.82,616.53,654.13,964.74,767.79,416.0,545.21,40.93
161.0,834.73,369.78,90.15,286.74,302.43,653.55,217.17,547.41,511.69,704.91,13.4,807.86,84.33
277.0,5.45,815.45,848.29,983.88,752.57,949.84,847.41,248.33,967.81,477.74,374.56,582.24,713.16
956.0,210.33,922.29,984.79,149.87,377.88,17.01,860.8,765.6,405.02,126.7,561.86,153.1,922.14
192.0,205.32,792.33,410.47,350.09,776.05,342.22,51.65,577.78,456.9,315.27,523.74,381.79,181.39
386.0,11.11,461.12,780.49,633.76,194.39,102.57,766.85,675.78,818.43,694.41,349.41,687.19,909.94
806.0,775.06,358.11,744.3,829.95,352.62,155.61,680.0,885.64,758.81,909.38,761.11,399.82,605.97
414.0,44.69,561.35,149.34,608.84,412.75,921.19,997.5,759.44,478.25,304.28,276.67,95.96,206.25
492.0,843.88,942.7,307.77,440.45,463.7,325.78,215.15,552.83,812.84,718.54,125.63,204.29,782.84
344.0,993.32,806.9,440.09,801.56,772.29,94.94,530.26,776.82,519.03,105.38,192.75,619.04,966.17
770.0,570.31,230.06,114.5,473.92,663.55,389.4,316.96,135.69,97.01,380.85,289.59,313.77,594.81
309.0,711.4,300.54,398.27,922.5,174.67,556.98,408.34,814.54,616.99,801.51,768.73,207.37,100.3
662.0,510.02,157.04,897.17,193.99,537.32,703.39,880.67,592.51,802.57,759.73,184.84,55.66,741.74
131.0,499.93,548.9,572.49,767.46,544.82,913.02,327.23,264.84,574.75,292.36,490.33,44.22,637.01
664.0,188.47,780.83,203.5,351.97,679.14,661.26,87.57,156.55,13.95,559.48,774.96,763.67,11.72
872.0,807.92,504.97,866.48,211.98,7.36,943.73,983.24,228.54,336.43,434.66,972.7,935.18,448.69
100.0,863.8,531.05,58.68,987.13,446.68,474.52,165.04,40.28,478.43,373.23,680.48,836.64,335.52
373.0,364.7,728.06,400.41,133.94,44.66,788.97,192.91,104.89,745.58,49.71,693.16,695.58,795.92
88.0,545.87,747.13,797.45,820.1,189.53,532.17,794.14,914.75,118.0,743.85,619.87,759.45,260.24
459.0,207.24,917.42,821.65,674.87,119.52,270.93,677.81,168.03,398.54,176.04,30.69,487.26,39.96
331.0,748.94,285.39,571.48,230.75,301.66,414.25,655.12,411.1,716.52,852.29,281.16,87.16,942.96
215.0,535.49,900.15,929.86,532.96,947.18,285.4,210.86,957.84,600.94,233.92,410.84,353.06,906.94
467.0,398.48,300.96,928.68,397.33,790.84,446.01,531.76,290.0,904.48,314.91,728.65,656.88,642.73
122.0,815.31,397.87,614.58,124.08,912.4,869.82,588.4,36.17,210.55,335.45,372.77,57.16,483.95
615.0,444.73,558.74,40.12,851.25,961.94,971.01,131.56,90.97,629.77,866.08,327.45,43.05,252.77
21.0,356.82,560.26,584.68,962.59,575.85,462.24,473.17,485.95,83.19,504.21,94.03,878.37,177.55
701.0,4.69,974.26,698.93,187.19,90.42,959.33,937.26,20.61,712.04,653.09,802.41,985.96,292.9
72.0,870.14,723.85,49.27,447.11,85.7,914.34,989.88,425.59,746.84,751.81,863.46,418.53,675.96
107.0,129.72,84.59,246.41,130.89,192.59,122.39,267.99,655.8,78.05,14.12,700.93,380.85,571.13
271.0,553.48,677.56,81.28,561.97,488.37,377.92,355.02,166.4,938.01,925.46,298.25,295.74,358.07
861.0,908.34,902.48,847.92,254.46,425.37,580.28,753.26,554.14,628.48,402.27,964.3,923.94,293.82
436.0,754.59,79.27,384.86,229.71,704.89,991.21,856.36,712.61,960.89,435.05,472.43,405.21,924.23
103.0,989.25,373.98,288.12,493.33,797.18,759.03,165.29,567.13,402.03,380.46,603.25,331.43,55.08
